step,env_id,left_force_n,right_force_n,contact_force_balance,left_friction_force_n,right_friction_force_n,left_joint_torque_nm,right_joint_torque_nm,left_joint_position,right_joint_position,left_joint_target,right_joint_target,object_lift_m,object_gripper_slip_m,object_relative_x_m,object_relative_y_m,object_relative_z_m,alignment_error_m,reference_step,retention_latched,base_tilt_rad,support_count,terminated,truncated
0,0,0.0,0.0,0.0,0.0,0.0,-0.09920501708984375,-0.09856146574020386,0.032889578491449356,-0.03246734291315079,0.032451000064611435,-0.0329039990901947,0.0,0.2894846200942993,0.19740843772888184,0.08373808860778809,-0.194471538066864,0.0,1,0,0.001256996183656156,4,0,0
2,0,0.0,0.0,0.0,0.0,0.0,-0.1937359720468521,-0.1912095844745636,0.034316759556531906,-0.031070446595549583,0.032451000064611435,-0.0329039990901947,0.0,0.2711513936519623,0.19431638717651367,0.08102481812238693,-0.17087775468826294,0.0,3,0,0.012427382171154022,4,0,0
4,0,0.0,0.0,0.0,0.0,0.0,-0.2090672105550766,-0.21166417002677917,0.03500000014901161,-0.030190924182534218,0.032451000064611435,-0.0329039990901947,0.0,0.25226283073425293,0.18823134899139404,0.07693564146757126,-0.14928632974624634,0.0,5,0,0.03606746718287468,4,0,0
6,0,0.0,0.0,0.0,0.0,0.0,-0.20824889838695526,-0.22266055643558502,0.03500000014901161,-0.030199984088540077,0.032451000064611435,-0.0329039990901947,0.0,0.23918138444423676,0.18489396572113037,0.07089877873659134,-0.13414663076400757,0.0,7,0,0.05934838205575943,4,0,0
8,0,0.0,0.0,0.0,0.0,0.0,-0.2019260823726654,-0.7351158261299133,0.03500000014901161,-0.029285384342074394,0.032451000064611435,-0.0329039990901947,0.0,0.231516033411026,0.18635737895965576,0.0632367879152298,-0.12194961309432983,0.0,9,0,0.07322501391172409,4,0,0
10,0,0.0,0.0,0.0,0.0,0.0,-0.1825561821460724,-0.1739281266927719,0.03482997417449951,-0.030335277318954468,0.032451000064611435,-0.0329039990901947,0.0,0.22464503347873688,0.18122780323028564,0.059497348964214325,-0.1186673641204834,0.0,11,0,0.08491094410419464,4,0,0
12,0,0.0,0.0,0.0,0.0,0.0,-0.20227906107902527,-0.19704948365688324,0.03492622449994087,-0.030565321445465088,0.032451000064611435,-0.0329039990901947,0.0,0.21773318946361542,0.1802675724029541,0.054520055651664734,-0.10926532745361328,0.0,13,0,0.07691594213247299,4,0,0
14,0,0.0,0.0,0.0,0.0,0.0,-0.18921004235744476,-0.19300368428230286,0.03500000014901161,-0.030283890664577484,0.032451000064611435,-0.0329039990901947,0.0,0.21178895235061646,0.18026351928710938,0.05007652938365936,-0.09925705194473267,0.0,15,0,0.061303120106458664,4,0,0
16,0,0.0,0.0,0.0,0.0,0.0,-0.187049001455307,-0.16110441088676453,0.03500000014901161,-0.030061928555369377,0.032451000064611435,-0.0329039990901947,0.0,0.20834408700466156,0.17865252494812012,0.046218570321798325,-0.09671801328659058,0.0,17,0,0.04992806166410446,4,0,0
18,0,0.0,0.0,0.0,0.0,0.0,-0.1868080049753189,-0.15662862360477448,0.03499938175082207,-0.030389454215765,0.032451000064611435,-0.0329039990901947,0.0,0.20749397575855255,0.17561787366867065,0.041766852140426636,-0.10231149196624756,0.0,19,0,0.042464014142751694,4,0,0
20,0,0.0,0.0,0.0,0.0,0.0,-0.13852620124816895,-0.13504371047019958,0.03488357365131378,-0.030712934210896492,0.032451000064611435,-0.0329039990901947,0.0,0.20571531355381012,0.17159080505371094,0.03559792414307594,-0.10774123668670654,0.0,21,0,0.03660351037979126,4,0,0
22,0,0.0,0.0,0.0,0.0,0.0,-0.14491239190101624,-0.14194878935813904,0.03481101617217064,-0.03082442097365856,0.032451000064611435,-0.0329039990901947,0.0,0.20096151530742645,0.1655278205871582,0.027816494926810265,-0.11050933599472046,0.0,23,0,0.03443706035614014,4,0,0
24,0,0.0,0.0,0.0,0.0,0.0,-0.1475909948348999,-0.1445612758398056,0.034818582236766815,-0.03082742728292942,0.032451000064611435,-0.0329039990901947,0.0,0.193803608417511,0.15721172094345093,0.019375301897525787,-0.1116642951965332,0.0,25,0,0.03734033554792404,4,0,0
26,0,0.0,0.0,0.0,0.0,0.0,-0.1414894461631775,-0.13852444291114807,0.03477621451020241,-0.030872603878378868,0.032451000064611435,-0.0329039990901947,0.0,0.18587563931941986,0.14764821529388428,0.010655255988240242,-0.11241096258163452,0.0,27,0,0.04399971663951874,4,0,0
28,0,0.0,0.0,0.0,0.0,0.0,-0.15013320744037628,-0.14706921577453613,0.03473404422402382,-0.030915886163711548,0.032451000064611435,-0.0329039990901947,0.0,0.17885315418243408,0.13885509967803955,0.0017594023374840617,-0.11271476745605469,0.0,29,0,0.05033307150006294,4,0,0
30,0,0.0,0.0,0.0,0.0,0.0,-0.13122616708278656,-0.12775377929210663,0.03468964248895645,-0.030963590368628502,0.032451000064611435,-0.0329039990901947,0.0,0.17375832796096802,0.13219207525253296,-0.006388244219124317,-0.11258953809738159,0.0,31,0,0.05326312780380249,4,0,0
32,0,0.0,0.0,0.0,0.0,0.0,-0.07316897809505463,-0.06793953478336334,0.03477080538868904,-0.03077799826860428,0.032451000064611435,-0.0329039990901947,0.0,0.1738583892583847,0.12899136543273926,-0.005884969141334295,-0.11641877889633179,0.0,33,0,0.05206894874572754,4,0,0
34,0,0.0,0.0,0.0,0.0,0.0,-0.05158701539039612,-0.042485564947128296,0.03454699367284775,-0.031125642359256744,0.032451000064611435,-0.0329039990901947,0.0,0.1777726113796234,0.12772464752197266,0.0006961860344745219,-0.12364882230758667,0.0,35,0,0.04831001162528992,4,0,0
36,0,0.0,0.0,0.0,0.0,0.0,-0.04796649515628815,-0.03824736177921295,0.034135010093450546,-0.03158189728856087,0.032451000064611435,-0.0329039990901947,0.0,0.18138566613197327,0.12359696626663208,0.009300023317337036,-0.13243132829666138,0.0,37,0,0.04618944227695465,4,0,0
38,0,0.0,0.0,0.0,0.0,0.0,-0.04623151570558548,-0.036927588284015656,0.03398476913571358,-0.031741101294755936,0.032451000064611435,-0.0329039990901947,0.0,0.1827434003353119,0.1144866943359375,0.01658296026289463,-0.1414671540260315,0.0,39,0,0.04747733473777771,4,0,0
40,0,0.0,0.0,0.0,0.0,0.0,-0.017084255814552307,-0.007961411029100418,0.033671289682388306,-0.032060638070106506,0.032451000064611435,-0.0329039990901947,0.0,0.1858123242855072,0.10382848978042603,0.02507615275681019,-0.1520429253578186,0.0,41,0,0.04911103472113609,4,0,0
42,0,0.0,0.0,0.0,0.0,0.0,-0.021026872098445892,-0.0124397873878479,0.0334029421210289,-0.032326508313417435,0.032451000064611435,-0.0329039990901947,0.0,0.1897623986005783,0.09234663844108582,0.03228643909096718,-0.16260212659835815,0.0,43,0,0.0501440204679966,4,0,0
44,0,0.0,0.0,0.0,0.0,0.0,0.01042921096086502,0.018398120999336243,0.033168766647577286,-0.032554659992456436,0.032451000064611435,-0.0329039990901947,0.0,0.19426561892032623,0.0805516242980957,0.038296256214380264,-0.1725803017616272,0.0,45,0,0.04999981448054314,4,0,0
46,0,0.0,0.0,0.0,0.0,0.0,0.025692235678434372,0.02864193171262741,0.032877881079912186,-0.03281991183757782,0.032451000064611435,-0.0329039990901947,0.0,0.1985144168138504,0.06841415166854858,0.042900845408439636,-0.18134772777557373,0.0,47,0,0.04923566058278084,4,0,0
48,0,0.0,0.0,0.0,0.0,0.0,0.02093971148133278,0.020928457379341125,0.03270040452480316,-0.032945264130830765,0.032451000064611435,-0.0329039990901947,0.0,0.20028670132160187,0.056573301553726196,0.04403495043516159,-0.18701642751693726,0.0,49,0,0.04828199744224548,4,0,0
50,0,0.0,0.0,0.0,0.0,0.0,0.010781323537230492,0.010647393763065338,0.03268681839108467,-0.032937947660684586,0.032451000064611435,-0.0329039990901947,0.0,0.200557678937912,0.04494506120681763,0.04311108961701393,-0.19064301252365112,0.0,51,0,0.047625213861465454,4,0,0
52,0,0.0,0.0,0.0,0.0,0.0,-0.006117703393101692,-0.006103485822677612,0.03269600123167038,-0.03292359411716461,0.032451000064611435,-0.0329039990901947,0.0,0.19985151290893555,0.03341412544250488,0.0411406084895134,-0.19269555807113647,0.0,53,0,0.04747375473380089,4,0,0
54,0,0.0,0.0,0.0,0.0,0.0,-0.011125912889838219,-0.010945498943328857,0.03274687007069588,-0.03287260979413986,0.032451000064611435,-0.0329039990901947,0.0,0.19871637225151062,0.021847248077392578,0.03841757774353027,-0.19373947381973267,0.0,55,0,0.04813450202345848,4,0,0
56,0,0.0,0.0,0.0,0.0,0.0,-0.009908009320497513,-0.009618504904210567,0.03277670964598656,-0.03284377604722977,0.032451000064611435,-0.0329039990901947,0.0,0.1973433643579483,0.010361909866333008,0.03502587974071503,-0.19393354654312134,0.0,57,0,0.04919927939772606,4,0,0
58,0,0.0,0.0,0.0,0.0,0.0,-0.004289775155484676,-0.0039819166995584965,0.032815005630254745,-0.03280654549598694,0.032451000064611435,-0.0329039990901947,0.0,0.19595395028591156,-0.0009551048278808594,0.030827611684799194,-0.1935114860534668,0.0,59,0,0.0504012256860733,4,0,0
60,0,0.0,0.0,0.0,0.0,0.0,-0.009375518187880516,-0.008964240550994873,0.03286522254347801,-0.03275753930211067,0.032451000064611435,-0.0329039990901947,0.0,0.19069500267505646,-0.009704887866973877,0.026302190497517586,-0.18862289190292358,0.03446517512202263,61,0,0.05166274681687355,4,0,0
62,0,0.0,0.0,0.0,0.0,0.0,-0.02435295656323433,-0.027774091809988022,0.03276120871305466,-0.032427191734313965,0.032451000064611435,-0.0329039990901947,0.0,0.18200188875198364,-0.012223005294799805,0.022883035242557526,-0.18014341592788696,0.033679816871881485,63,0,0.052629027515649796,4,0,0
64,0,0.0,0.0,0.0,0.0,0.0,-0.0009230263531208038,-0.005439817905426025,0.032413918524980545,-0.03210020810365677,0.032451000064611435,-0.0329039990901947,0.0,0.1745348572731018,-0.012994527816772461,0.020253537222743034,-0.172868013381958,0.031703781336545944,65,0,0.05297929793596268,4,0,0
66,0,0.0,0.0,0.0,0.0,0.0,-0.00752217136323452,-0.012292280793190002,0.032037049531936646,-0.03174588456749916,0.032451000064611435,-0.0329039990901947,0.0,0.16797450184822083,-0.013313710689544678,0.01768956333398819,-0.16650903224945068,0.030063888058066368,67,0,0.05325738340616226,4,0,0
68,0,0.0,0.0,0.0,0.0,0.0,-0.010714435949921608,-0.01556641235947609,0.031670887023210526,-0.031367309391498566,0.032451000064611435,-0.0329039990901947,0.0,0.16189564764499664,-0.013446211814880371,0.015180636197328568,-0.16062051057815552,0.028848983347415924,69,0,0.053175557404756546,4,0,0
70,0,0.0,0.0,0.0,0.0,0.0,0.0029794108122587204,-0.001859854906797409,0.03127402067184448,-0.031016148626804352,0.032451000064611435,-0.0329039990901947,0.0,0.15603098273277283,-0.013480782508850098,0.012708457186818123,-0.15492719411849976,0.027919381856918335,71,0,0.05277704447507858,4,0,0
72,0,0.0,0.0,0.0,0.0,0.0,0.010964730754494667,0.006130685564130545,0.030892478302121162,-0.030648868530988693,0.032451000064611435,-0.0329039990901947,0.0,0.1503317654132843,-0.013526827096939087,0.010042157955467701,-0.14938479661941528,0.027327867224812508,73,0,0.052683912217617035,4,0,0
74,0,0.0,0.0,0.0,0.0,0.0,0.03542871028184891,0.03056344762444496,0.030513962730765343,-0.03027840331196785,0.032451000064611435,-0.0329039990901947,0.0,0.14472876489162445,-0.013578593730926514,0.00753814959898591,-0.1438930630683899,0.02697540447115898,75,0,0.05261088162660599,4,0,0
76,0,0.0,0.0,0.0,0.0,0.0,-0.008643501438200474,-0.011311430484056473,0.030238453298807144,-0.029967280104756355,0.032451000064611435,-0.0329039990901947,0.0,0.13920758664608002,-0.013481318950653076,0.0053242226131260395,-0.13845092058181763,0.026688596233725548,77,0,0.05267191678285599,4,0,0
78,0,0.0,0.0,0.0,0.0,0.0,0.01093316450715065,0.010306799784302711,0.03013942390680313,-0.029910612851381302,0.032451000064611435,-0.0329039990901947,0.0,0.13362382352352142,-0.012962937355041504,0.004211048129945993,-0.13292688131332397,0.026021325960755348,79,0,0.05264747515320778,4,0,0
80,0,0.0,0.0,0.0,0.0,0.0,0.018687542527914047,0.01854044944047928,0.03009609878063202,-0.029916273429989815,0.032451000064611435,-0.0329039990901947,0.0,0.12792691588401794,-0.01231914758682251,0.0031430113594979048,-0.12729358673095703,0.02512293867766857,81,0,0.052964888513088226,4,0,0
82,0,0.0,0.0,0.0,0.0,0.0,0.05183064565062523,0.05188097804784775,0.03008386306464672,-0.029919538646936417,0.032451000064611435,-0.0329039990901947,0.0,0.12214654684066772,-0.011611700057983398,0.0022175346966832876,-0.12157315015792847,0.024076517671346664,83,0,0.05326160416007042,4,0,0
84,0,0.0,0.0,0.0,0.0,0.0,0.005205744877457619,0.005285870283842087,0.03006078489124775,-0.029940376058220863,0.032451000064611435,-0.0329039990901947,0.0,0.11644627898931503,-0.010887444019317627,0.0013977524358779192,-0.11592775583267212,0.02305072732269764,85,0,0.05368218943476677,4,0,0
86,0,0.0,0.0,0.0,0.0,0.0,0.009045238606631756,0.009075268171727657,0.03004402294754982,-0.02995654195547104,0.032451000064611435,-0.0329039990901947,0.0,0.1108102947473526,-0.010096818208694458,0.000624306034296751,-0.11034756898880005,0.022059276700019836,87,0,0.05402025952935219,4,0,0
88,0,0.0,0.0,0.0,0.0,0.0,0.038385070860385895,0.038497231900691986,0.03004327416419983,-0.029957151040434837,0.032451000064611435,-0.0329039990901947,0.0,0.10518565028905869,-0.009228229522705078,-9.107402729569003e-05,-0.10478001832962036,0.02106725424528122,89,0,0.05403953790664673,4,0,0
90,0,0.0,0.0,0.0,0.0,0.0,0.031824562698602676,0.03187216818332672,0.03004344552755356,-0.02995697408914566,0.032451000064611435,-0.0329039990901947,0.0,0.09966760128736496,-0.008311033248901367,-0.0007925278041511774,-0.09931731224060059,0.020170437172055244,91,0,0.05404019355773926,4,0,0
92,0,0.0,0.0,0.0,0.0,0.0,0.03349282592535019,0.03354953974485397,0.0300156157463789,-0.029984714463353157,0.032451000064611435,-0.0329039990901947,0.0,0.09272569417953491,-0.007543802261352539,-0.0010651068296283484,-0.09241217374801636,0.017720641568303108,93,0,0.05356013774871826,4,0,0
94,0,0.0,0.0,0.0,0.0,0.0,0.001870224718004465,0.001965242438018322,0.030047381296753883,-0.0299529992043972,0.032451000064611435,-0.0329039990901947,0.0,0.08477353304624557,-0.007228434085845947,-0.0017236669082194567,-0.08444720506668091,0.013983325101435184,95,0,0.05328008905053139,4,0,0
96,0,0.0,0.0,0.0,0.0,0.0,0.0024802801199257374,0.0025283577851951122,0.03006017580628395,-0.029940301552414894,0.032451000064611435,-0.0329039990901947,0.0,0.0768829956650734,-0.00709843635559082,-0.0020972322672605515,-0.07652586698532104,0.010001185350120068,97,0,0.05338505282998085,4,0,0
98,0,0.0,0.0,0.0,0.0,0.0,0.008760981261730194,-0.003349747508764267,0.029610784724354744,-0.029460901394486427,0.032451000064611435,-0.0329039990901947,0.0,0.06999282538890839,-0.0061935484409332275,-0.0019832090474665165,-0.0696900486946106,0.0075408765114843845,99,0,0.054016534239053726,4,0,0
100,0,0.0,0.0,0.0,0.0,0.0,0.11997735500335693,0.07968048751354218,0.02784818410873413,-0.027741746976971626,0.032451000064611435,-0.0329039990901947,-3.618001937866211e-05,0.06819078326225281,-0.005696028470993042,-0.001247899024747312,-0.06794100999832153,0.009660735726356506,101,0,0.055444493889808655,4,0,0
102,0,0.0,0.0,0.0,0.0,0.0,0.08914515376091003,0.050636544823646545,0.02570158988237381,-0.025785360485315323,0.032451000064611435,-0.0329039990901947,-4.494190216064453e-05,0.06668698042631149,-0.005293011665344238,-0.0003685374977067113,-0.06647557020187378,0.01604306884109974,103,0,0.058154065161943436,4,0,0
104,0,0.0,0.0,0.0,0.0,0.0,0.051593706011772156,0.014649450778961182,0.02353338897228241,-0.023721033707261086,0.032451000064611435,-0.0329039990901947,-7.87973403930664e-05,0.0640859454870224,-0.00468859076499939,0.0002941638231277466,-0.06391352415084839,0.020849602296948433,105,0,0.059964779764413834,4,0,0
106,0,0.0,0.08317688852548599,0.0,0.0,0.0,0.021530047059059143,0.12805567681789398,0.021415647119283676,-0.02212735451757908,0.032451000064611435,-0.0329039990901947,-1.1920928955078125e-07,0.05763793736696243,-0.00820070505142212,-0.0019500786438584328,-0.0570182204246521,0.02098141610622406,107,0,0.057951249182224274,4,0,0
108,0,0.8289464712142944,0.5032689571380615,0.6071187853813171,0.0,0.0,0.8776808977127075,0.6805065870285034,0.020725132897496223,-0.022619275376200676,0.032451000064611435,-0.0329039990901947,4.351139068603516e-06,0.05070965737104416,-0.006402164697647095,-0.0015118177980184555,-0.05028116703033447,0.013930299319326878,109,0,0.05176694318652153,4,0,0
110,0,0.13911816477775574,0.7931786775588989,0.1753932237625122,0.0,0.0,-0.37225478887557983,0.7297533750534058,0.019300181418657303,-0.023647233843803406,0.032451000064611435,-0.0329039990901947,0.0001316070556640625,0.04407322779297829,-0.006435662508010864,-0.001850904431194067,-0.04356151819229126,0.012042920105159283,111,0,0.05108563229441643,4,0,0
112,0,0.27703848481178284,0.6288086175918579,0.44057679176330566,0.0,0.0,-0.32682695984840393,0.8516777753829956,0.018625015392899513,-0.023938531056046486,0.032451000064611435,-0.0329039990901947,0.00016492605209350586,0.0408114455640316,-0.006963133811950684,-0.0018221037462353706,-0.04017174243927002,0.013635048642754555,113,0,0.052932389080524445,4,0,0
114,0,0.0,0.3693619668483734,0.0,0.0,0.0,0.4814886748790741,1.5800588130950928,0.01695021241903305,-0.024934183806180954,0.032451000064611435,-0.0329039990901947,2.9802322387695312e-06,0.039115551859140396,-0.013548135757446289,-0.002650277689099312,-0.03659850358963013,0.016029812395572662,115,0,0.05765489488840103,4,0,0
116,0,0.0,0.3584691882133484,0.0,0.0,0.0,-0.002613455057144165,0.5086383819580078,0.0130047257989645,-0.025670981034636497,0.032451000064611435,-0.0329039990901947,0.0006194114685058594,0.03269409388303757,-0.015142589807510376,-0.002355380915105343,-0.028880059719085693,0.02102574147284031,117,0,0.057484883815050125,4,0,0
118,0,0.021221525967121124,0.7261412739753723,0.0292250644415617,0.0,0.0,-0.04833903908729553,0.6522405743598938,0.009380065836012363,-0.029263311997056007,0.032451000064611435,-0.0329039990901947,0.0009596943855285645,0.028620539233088493,-0.016611158847808838,-0.0018992084078490734,-0.023229241371154785,0.02729353867471218,119,0,0.0553632527589798,4,0,0
120,0,0.22935982048511505,0.2930305302143097,0.7827164530754089,0.0,0.0,-0.2654491364955902,0.33603155612945557,0.008799230679869652,-0.029644925147294998,0.032451000064611435,-0.0329039990901947,0.0014030933380126953,0.029283307492733,-0.018300890922546387,-0.001851340290158987,-0.02278512716293335,0.025065243244171143,121,0,0.054011642932891846,4,0,0
122,0,0.3401629626750946,0.33840420842170715,0.9948296546936035,0.0,0.0,-0.335031121969223,0.3509845733642578,0.009416809305548668,-0.028570376336574554,0.032451000064611435,-0.0329039990901947,0.0038947463035583496,0.030057933181524277,-0.018836289644241333,-0.0019781356677412987,-0.02334010601043701,0.027285613119602203,123,0,0.05395815148949623,4,0,0
124,0,0.3519536256790161,0.32825207710266113,0.9326571822166443,0.0,0.0,-0.37509554624557495,0.3096931576728821,0.009257405996322632,-0.028729405254125595,0.032451000064611435,-0.0329039990901947,0.0034787654876708984,0.030332086607813835,-0.018758505582809448,-0.0021062856540083885,-0.023742735385894775,0.0293826125562191,124,0,0.055515822023153305,4,0,0
126,0,0.22104471921920776,0.5074712038040161,0.4355808198451996,0.0,0.0,-0.22744931280612946,0.47569721937179565,0.00850325170904398,-0.029712585732340813,0.032451000064611435,-0.0329039990901947,0.0004687309265136719,0.027927465736865997,-0.019037306308746338,-0.001530294306576252,-0.02037602663040161,0.028875496238470078,124,0,0.055813003331422806,4,0,0
128,0,0.33524274826049805,0.3269408047199249,0.9752359986305237,0.0,0.0,-0.28131094574928284,0.34697628021240234,0.007943639531731606,-0.0300463754683733,0.004050485324114561,-0.02627953141927719,0.0008881688117980957,0.0005799493519589305,-0.01837053894996643,-0.0015264200046658516,-0.01808345317840576,0.0,126,1,0.055529914796352386,4,0,0
130,0,0.33706510066986084,0.31126755475997925,0.9234641790390015,0.0,0.0,-0.3700660467147827,0.2815525531768799,0.00807306356728077,-0.02991403453052044,0.004050485324114561,-0.02627953141927719,0.0034260153770446777,0.0009297622600570321,-0.018377959728240967,-0.0017114924266934395,-0.018381893634796143,0.0006883020396344364,128,1,0.055095914751291275,4,0,0
132,0,0.33740925788879395,0.3099775016307831,0.9186988472938538,0.0,0.0,-0.3733571767807007,0.27832165360450745,0.008188477717339993,-0.02979697287082672,0.004050485324114561,-0.02627953141927719,0.0062340497970581055,0.0013325425097718835,-0.018402934074401855,-0.0019426094368100166,-0.018713772296905518,0.0011099426774308085,130,1,0.05446729063987732,4,0,0
134,0,0.34667035937309265,0.30467942357063293,0.8788735866546631,0.0,0.0,-0.3667215406894684,0.28446507453918457,0.00846436433494091,-0.029522715136408806,0.004050485324114561,-0.02627953141927719,0.00920724868774414,0.0018700739601626992,-0.018432915210723877,-0.002336006611585617,-0.019096553325653076,0.001562260091304779,132,1,0.053969141095876694,4,0,0
136,0,0.3393527567386627,0.3068753480911255,0.9042960405349731,0.0,0.0,-0.3654767572879791,0.28773239254951477,0.008615683764219284,-0.02937089465558529,0.004050485324114561,-0.02627953141927719,0.013097763061523438,0.0025768934283405542,-0.01841151714324951,-0.00304227601736784,-0.019422292709350586,0.0021882301662117243,134,1,0.053571801632642746,4,0,0
138,0,0.343736857175827,0.30521076917648315,0.8879198431968689,0.0,0.0,-0.3413615822792053,0.3100527226924896,0.00863554421812296,-0.029352102428674698,0.004050485324114561,-0.02627953141927719,0.017663776874542236,0.003318190108984709,-0.01842188835144043,-0.0038829613476991653,-0.019585728645324707,0.0030128448270261288,136,1,0.0534299798309803,4,0,0
139,0,0.3510889708995819,0.29778119921684265,0.8481644988059998,0.0,0.0,-0.34892377257347107,0.3032971918582916,0.008647034876048565,-0.029340971261262894,0.004050485324114561,-0.02627953141927719,0.02015739679336548,0.003626552177593112,-0.018470704555511475,-0.00430082343518734,-0.01952308416366577,0.003318190108984709,137,1,0.053501155227422714,4,0,0
140,0,0.3522055149078369,0.2871796488761902,0.8153752088546753,0.0,0.0,-0.3758358359336853,0.28946784138679504,0.008729805238544941,-0.029259134083986282,0.004050485324114561,-0.02627953141927719,0.022431492805480957,0.004057369660586119,-0.018451422452926636,-0.0047524189576506615,-0.01960897445678711,0.003626552177593112,138,1,0.05346088856458664,4,0,0
142,0,0.3544921875,0.3035995662212372,0.8564351201057434,0.0,0.0,-0.3845142126083374,0.2654130160808563,0.008912011981010437,-0.02907823771238327,0.004050485324114561,-0.02627953141927719,0.026973307132720947,0.004942508414387703,-0.01847556233406067,-0.005680828355252743,-0.019746124744415283,0.00447628041729331,140,1,0.05335594341158867,4,0,0
144,0,0.37488409876823425,0.25289490818977356,0.6745949387550354,0.0,0.0,-0.383274644613266,0.2964545488357544,0.009120560251176357,-0.028880525380373,0.004050485324114561,-0.02627953141927719,0.03147047758102417,0.005776725709438324,-0.018519163131713867,-0.006610214710235596,-0.01970207691192627,0.005374109372496605,142,1,0.05318615958094597,4,0,0
146,0,0.38062652945518494,0.238488107919693,0.6265672445297241,0.0,0.0,-0.417319118976593,0.2699059247970581,0.00922181736677885,-0.028782103210687637,0.004050485324114561,-0.02602953091263771,0.035672783851623535,0.006564189214259386,-0.018759310245513916,-0.007556945085525513,-0.01932460069656372,0.006145397666841745,144,1,0.052994802594184875,4,0,0
148,0,0.3969377875328064,0.27333006262779236,0.6885967254638672,0.0,0.0,-0.4248787760734558,0.2593531310558319,0.00955913681536913,-0.02843627892434597,0.004050485324114561,-0.02602953091263771,0.03989124298095703,0.0073743462562561035,-0.01911112666130066,-0.0084880031645298,-0.01873546838760376,0.00696848938241601,146,1,0.05298880115151405,4,0,0
150,0,0.41929107904434204,0.2492639124393463,0.5944889187812805,0.0,0.0,-0.47982192039489746,0.18949392437934875,0.009820970706641674,-0.02817661315202713,0.004050485324114561,-0.02602953091263771,0.04153859615325928,0.008059237152338028,-0.019221246242523193,-0.009222686290740967,-0.01831763982772827,0.007744922768324614,148,1,0.05311986804008484,4,0,0
152,0,0.42558515071868896,0.2454407960176468,0.5767137408256531,0.0,0.0,-0.48088952898979187,0.1982886791229248,0.010010433383286,-0.027989214286208153,0.004050485324114561,-0.02602953091263771,0.04110848903656006,0.008651471696794033,-0.019169121980667114,-0.009838070720434189,-0.0181390643119812,0.00837282557040453,150,1,0.05293769761919975,4,0,0
154,0,0.43079307675361633,0.2656748592853546,0.6167110800743103,0.0,0.0,-0.4851286709308624,0.20607563853263855,0.010079790838062763,-0.027925128117203712,0.004050485324114561,-0.02577953040599823,0.03963428735733032,0.009042734280228615,-0.019040942192077637,-0.010246220976114273,-0.0180513858795166,0.008921840228140354,152,1,0.052495408803224564,4,0,0
156,0,0.4587966799736023,0.2534785568714142,0.5524855852127075,0.0,0.0,-0.5377841591835022,0.1726319044828415,0.010251414030790329,-0.02774602733552456,0.004050485324114561,-0.02552952989935875,0.03760141134262085,0.009021030738949776,-0.019067198038101196,-0.010220268741250038,-0.01809406280517578,0.009072815999388695,154,1,0.0524076446890831,4,0,0
158,0,0.4801707863807678,0.2519769072532654,0.5247651934623718,0.0,0.0,-0.5405422449111938,0.20451197028160095,0.010615747421979904,-0.027393430471420288,0.004050485324114561,-0.02527952939271927,0.034998297691345215,0.008818683214485645,-0.0190981924533844,-0.010006725788116455,-0.01821678876876831,0.008929683826863766,156,1,0.05220000818371773,4,0,0
160,0,0.4696056544780731,0.2698460817337036,0.5746227502822876,0.0,0.0,-0.5504557490348816,0.17911073565483093,0.010714665986597538,-0.027286887168884277,0.004050485324114561,-0.02527952939271927,0.03199291229248047,0.008556430228054523,-0.01910462975502014,-0.009730160236358643,-0.01836460828781128,0.008695605210959911,158,1,0.05172896757721901,4,0,0
162,0,0.46573203802108765,0.3027613162994385,0.6500762104988098,0.0,0.0,-0.5726608037948608,0.12523210048675537,0.01075331773608923,-0.027252228930592537,0.004050485324114561,-0.02527952939271927,0.029129624366760254,0.008214439265429974,-0.019157201051712036,-0.009366892278194427,-0.018499433994293213,0.008397278375923634,160,1,0.05204705893993378,4,0,0
164,0,0.4741203188896179,0.26210540533065796,0.5528246760368347,0.0,0.0,-0.5550106763839722,0.18979670107364655,0.010794268921017647,-0.02720687724649906,0.004050485324114561,-0.02527952939271927,0.026678264141082764,0.007860597223043442,-0.01921173930168152,-0.008985843509435654,-0.018641114234924316,0.008037387393414974,162,1,0.052582718431949615,4,0,0
166,0,0.4787767231464386,0.2301693856716156,0.48074471950531006,0.0,0.0,-0.5774053335189819,0.1784227043390274,0.010850000195205212,-0.02715749852359295,0.004050485324114561,-0.025029528886079788,0.025113165378570557,0.007490524090826511,-0.019353628158569336,-0.008572838269174099,-0.018776655197143555,0.007668070029467344,164,1,0.05267420411109924,4,0,0
168,0,0.4864487051963806,0.2777830958366394,0.5710429549217224,0.0,0.0,-0.5714714527130127,0.1777361035346985,0.010900109075009823,-0.027091877534985542,0.004050485324114561,-0.025029528886079788,0.02421790361404419,0.007095403503626585,-0.019463807344436646,-0.008137303404510021,-0.018865525722503662,0.007281457539647818,166,1,0.0529395155608654,4,0,0
170,0,0.49757739901542664,0.24657772481441498,0.4955565333366394,0.0,0.0,-0.5776499509811401,0.18774622678756714,0.010949166491627693,-0.02704320102930069,0.004050485324114561,-0.025029528886079788,0.023497402667999268,0.006725219544023275,-0.019665300846099854,-0.007693991996347904,-0.018993735313415527,0.0069213672541081905,168,1,0.05290813744068146,4,0,0
172,0,0.4839940071105957,0.2721545100212097,0.5623096823692322,0.0,0.0,-0.5873960852622986,0.17705464363098145,0.01099653821438551,-0.026992473751306534,0.004050485324114561,-0.025029528886079788,0.022105515003204346,0.006346616894006729,-0.019734710454940796,-0.007258599624037743,-0.019098639488220215,0.0065407115034759045,170,1,0.051546890288591385,4,0,0
174,0,0.4771028161048889,0.2781526446342468,0.583003580570221,0.0,0.0,-0.5877532362937927,0.1849997192621231,0.011121127754449844,-0.0268730316311121,0.004050485324114561,-0.025029528886079788,0.021529972553253174,0.006092992145568132,-0.0197983980178833,-0.006950857117772102,-0.019190073013305664,0.00614348566159606,172,1,0.051851265132427216,4,0,0
176,0,0.46956866979599,0.28685012459754944,0.6108800172805786,0.0,0.0,-0.571743369102478,0.19653214514255524,0.011115020141005516,-0.026878468692302704,0.004050485324114561,-0.025029528886079788,0.02025747299194336,0.006347629241645336,-0.019677579402923584,-0.0072426563128829,-0.019210457801818848,0.006177372764796019,174,1,0.05175857990980148,4,0,0
178,0,0.4731932282447815,0.28268304467201233,0.5973945260047913,0.0,0.0,-0.571853518486023,0.19871442019939423,0.011108919978141785,-0.0268841739743948,0.004050485324114561,-0.025029528886079788,0.018817543983459473,0.006859967485070229,-0.019481420516967773,-0.007823127321898937,-0.019182980060577393,0.006582772824913263,176,1,0.05153651162981987,4,0,0
180,0,0.471987783908844,0.284589558839798,0.6029595732688904,0.0,0.0,-0.5717025995254517,0.19667856395244598,0.011080638505518436,-0.026911649852991104,0.004050485324114561,-0.025029528886079788,0.017194807529449463,0.007506233174353838,-0.01925167441368103,-0.008539539761841297,-0.019108712673187256,0.007159593980759382,178,1,0.051056914031505585,4,0,0
182,0,0.4772535264492035,0.2766945958137512,0.5797643661499023,0.0,0.0,-0.5854135751724243,0.181655615568161,0.011243518441915512,-0.02675025351345539,0.004050485324114561,-0.025029528886079788,0.01566922664642334,0.008219094015657902,-0.01901361346244812,-0.009314442053437233,-0.018982112407684326,0.00785736832767725,180,1,0.051046352833509445,4,0,0
184,0,0.4966511130332947,0.2557774484157562,0.5150042772293091,0.0,0.0,-0.5810536742210388,0.19153977930545807,0.01135339681059122,-0.026641400530934334,0.004050485324114561,-0.025029528886079788,0.014959156513214111,0.008870171383023262,-0.01882171630859375,-0.010012239217758179,-0.018813371658325195,0.008584716357290745,182,1,0.05163295567035675,4,0,0
186,0,0.48890024423599243,0.2681655287742615,0.5485076308250427,0.0,0.0,-0.6026099324226379,0.16009998321533203,0.011430688202381134,-0.026562858372926712,0.004050485324114561,-0.025029528886079788,0.015340805053710938,0.009296922013163567,-0.018708765506744385,-0.010464197024703026,-0.018681824207305908,0.0091002332046628,184,1,0.05190107598900795,4,0,0
188,0,0.4955623149871826,0.25997957587242126,0.5246152877807617,0.0,0.0,-0.589007556438446,0.17255891859531403,0.011464858427643776,-0.026530733332037926,0.004050485324114561,-0.025029528886079788,0.01572638750076294,0.009671458974480629,-0.018604904413223267,-0.010856902226805687,-0.0185621976852417,0.009472709149122238,186,1,0.051172371953725815,4,0,0
190,0,0.49256259202957153,0.2608048915863037,0.5294857621192932,0.0,0.0,-0.6095288991928101,0.1726824790239334,0.011678820475935936,-0.02632223628461361,0.004050485324114561,-0.025029528886079788,0.016354620456695557,0.0099643524736166,-0.01851782202720642,-0.01116117462515831,-0.018470287322998047,0.009835616685450077,188,1,0.050824034959077835,4,0,0
192,0,0.5067713856697083,0.26909929513931274,0.5310072898864746,0.0,0.0,-0.6227076053619385,0.17019788920879364,0.011695186607539654,-0.02630700170993805,0.004050485324114561,-0.024779528379440308,0.017921388149261475,0.010209282860159874,-0.01848769187927246,-0.011417612433433533,-0.01834285259246826,0.010081388987600803,190,1,0.051551736891269684,4,0,0
194,0,0.5144180059432983,0.2616981863975525,0.5087267160415649,0.0,0.0,-0.616123616695404,0.17688003182411194,0.011829906143248081,-0.026172231882810593,0.004050485324114561,-0.024779528379440308,0.019040048122406006,0.010445971973240376,-0.01844128966331482,-0.011662302538752556,-0.01823711395263672,0.01033913716673851,192,1,0.05129099637269974,4,0,0
196,0,0.5068926215171814,0.27026572823524475,0.5331814289093018,0.0,0.0,-0.6369221210479736,0.15694735944271088,0.011847232468426228,-0.02615138329565525,0.004050485324114561,-0.024779528379440308,0.02072232961654663,0.01064369734376669,-0.01842781901359558,-0.011867079883813858,-0.01811802387237549,0.01054686401039362,194,1,0.0518173947930336,4,0,0
198,0,0.5175374150276184,0.258050799369812,0.4986128509044647,0.0,0.0,-0.6427874565124512,0.14868879318237305,0.011906945146620274,-0.026094231754541397,0.004050485324114561,-0.024779528379440308,0.022241532802581787,0.010876886546611786,-0.018405050039291382,-0.012106403708457947,-0.017981410026550293,0.010754505172371864,196,1,0.052147142589092255,4,0,0
200,0,0.52511066198349,0.24954161047935486,0.47521719336509705,0.0,0.0,-0.6299557685852051,0.16765820980072021,0.011992771178483963,-0.026008207350969315,0.004050485324114561,-0.024779528379440308,0.02315199375152588,0.011141461320221424,-0.018352001905441284,-0.012374723330140114,-0.017855703830718994,0.011003796942532063,198,1,0.0513913631439209,4,0,0
202,0,0.5198990702629089,0.25620195269584656,0.49279171228408813,0.0,0.0,-0.6281899809837341,0.16454751789569855,0.012029768899083138,-0.025972995907068253,0.004050485324114561,-0.024779528379440308,0.024510443210601807,0.011362527497112751,-0.018324971199035645,-0.012598048895597458,-0.017724037170410156,0.011256713420152664,200,1,0.05161832645535469,4,0,0
204,0,0.5216469168663025,0.2547822892665863,0.4884190559387207,0.0,0.0,-0.6331261396408081,0.16139790415763855,0.012009034864604473,-0.025992438197135925,0.004050485324114561,-0.024779528379440308,0.026045620441436768,0.011593079194426537,-0.018312841653823853,-0.012829363346099854,-0.01757228374481201,0.011466292664408684,202,1,0.05170508101582527,4,0,0
206,0,0.5321816205978394,0.2451145052909851,0.4605843126773834,0.0,0.0,-0.6332908272743225,0.1594008356332779,0.01216339785605669,-0.02584691345691681,0.004050485324114561,-0.024779528379440308,0.027186274528503418,0.01180380117148161,-0.018282175064086914,-0.01303904689848423,-0.017452538013458252,0.011697037145495415,204,1,0.051081810146570206,4,0,0
208,0,0.5273672938346863,0.24783878028392792,0.46995478868484497,0.0,0.0,-0.6409935355186462,0.15658879280090332,0.012147875502705574,-0.02586897648870945,0.004050485324114561,-0.024779528379440308,0.028640806674957275,0.012018359266221523,-0.018262773752212524,-0.013251177966594696,-0.017318427562713623,0.011902608908712864,206,1,0.05080217123031616,4,0,0
210,0,0.5269067883491516,0.24883775413036346,0.4722614288330078,0.0,0.0,-0.6513146162033081,0.14856386184692383,0.012231400236487389,-0.02578451670706272,0.004050485324114561,-0.024779528379440308,0.03048473596572876,0.012182862497866154,-0.018270522356033325,-0.013412117958068848,-0.017182588577270508,0.012107543647289276,208,1,0.05120418593287468,4,0,0
212,0,0.5271430611610413,0.24789264798164368,0.47025686502456665,0.0,0.0,-0.6448675990104675,0.15348505973815918,0.012182132340967655,-0.025834616273641586,0.004050485324114561,-0.024779528379440308,0.032807350158691406,0.012361939065158367,-0.018297970294952393,-0.013585072010755539,-0.01701587438583374,0.012265032157301903,210,1,0.05194752663373947,4,0,0
214,0,0.5454164743423462,0.23219439387321472,0.4257194399833679,0.0,0.0,-0.6724603772163391,0.12161149829626083,0.01228033471852541,-0.025736883282661438,0.004050485324114561,-0.024529527872800827,0.033779025077819824,0.012614025734364986,-0.01826837658882141,-0.013828758150339127,-0.016853809356689453,0.01249478105455637,212,1,0.05058180168271065,4,0,0
216,0,0.5556014180183411,0.24233640730381012,0.4361695349216461,0.0,0.0,-0.6691513061523438,0.14919856190681458,0.012489941902458668,-0.025525717064738274,0.004050485324114561,-0.024529527872800827,0.035005033016204834,0.012811501510441303,-0.018263250589370728,-0.01401691883802414,-0.01670163869857788,0.01271290984004736,214,1,0.05015219375491142,4,0,0
218,0,0.5438590049743652,0.25411278009414673,0.46724018454551697,0.0,0.0,-0.6791896224021912,0.1434595286846161,0.012512437999248505,-0.0255007091909647,0.004050485324114561,-0.024529527872800827,0.03697878122329712,0.013012699782848358,-0.01828444004058838,-0.014205068349838257,-0.016518056392669678,0.012916876003146172,216,1,0.050874900072813034,4,0,0
220,0,0.5473838448524475,0.2515970468521118,0.45963549613952637,0.0,0.0,-0.6616137623786926,0.15526002645492554,0.012465288862586021,-0.025549260899424553,0.004050485324114561,-0.024529527872800827,0.03901112079620361,0.013203692622482777,-0.018305808305740356,-0.014381568878889084,-0.01634305715560913,0.013100639916956425,218,1,0.051043540239334106,4,0,0
222,0,0.555492103099823,0.2434961199760437,0.4383430778980255,0.0,0.0,-0.6561340689659119,0.15669579803943634,0.01248795073479414,-0.025528566911816597,0.004050485324114561,-0.024529527872800827,0.04062783718109131,0.013412177562713623,-0.01831495761871338,-0.014572873711585999,-0.016160905361175537,0.013293996453285217,220,1,0.05045554041862488,4,0,0
224,0,0.5544136762619019,0.24657024443149567,0.44474056363105774,0.0,0.0,-0.6920588612556458,0.11877226829528809,0.012697449885308743,-0.025331372395157814,0.004050485324114561,-0.024529527872800827,0.042604684829711914,0.013584974221885204,-0.018346190452575684,-0.014727547764778137,-0.015988171100616455,0.013512054458260536,222,1,0.05098231881856918,4,0,0
226,0,0.5465438961982727,0.25402355194091797,0.46478161215782166,0.0,0.0,-0.6886005997657776,0.13167688250541687,0.012617573142051697,-0.02540803886950016,0.004050485324114561,-0.024529527872800827,0.04531830549240112,0.01375588309019804,-0.018407970666885376,-0.014873869717121124,-0.015779614448547363,0.013662934303283691,224,1,0.05210481211543083,4,0,0
228,0,0.5637415051460266,0.23625676333904266,0.4190870523452759,0.0,0.0,-0.6880934238433838,0.1249045878648758,0.01263447292149067,-0.025393955409526825,0.004050485324114561,-0.024279527366161346,0.04688239097595215,0.013980750925838947,-0.018415629863739014,-0.015073541551828384,-0.015582144260406494,0.013863513246178627,226,1,0.05132966861128807,4,0,0
230,0,0.5666676163673401,0.25506019592285156,0.4501054883003235,0.0,0.0,-0.6879836916923523,0.14684462547302246,0.01278036180883646,-0.025247327983379364,0.004050485324114561,-0.024279527366161346,0.0477977991104126,0.0142073268070817,-0.018404126167297363,-0.015275273472070694,-0.015399813652038574,0.014089535921812057,228,1,0.05068497359752655,4,0,0
232,0,0.5622192621231079,0.2537737786769867,0.4513786733150482,0.0,0.0,-0.6927431225776672,0.1515633463859558,0.012905692681670189,-0.025122445076704025,0.004050485324114561,-0.024279527366161346,0.04891151189804077,0.014369365759193897,-0.018416613340377808,-0.015414297580718994,-0.015243291854858398,0.014289241284132004,230,1,0.05085846781730652,4,0,0
234,0,0.5733659863471985,0.24725572764873505,0.4312354326248169,0.0,0.0,-0.7043711543083191,0.1296761929988861,0.012957381084561348,-0.025070613250136375,0.004050485324114561,-0.024279527366161346,0.050353050231933594,0.014525357633829117,-0.018440961837768555,-0.01554461196064949,-0.015079200267791748,0.014445943757891655,232,1,0.05140029639005661,4,0,0
236,0,0.5720030665397644,0.24477794766426086,0.42793118953704834,0.0,0.0,-0.7142606377601624,0.12889328598976135,0.012972773052752018,-0.025054896250367165,0.004050485324114561,-0.024279527366161346,0.05207061767578125,0.014673413708806038,-0.01847994327545166,-0.01566409319639206,-0.014908015727996826,0.014601967297494411,234,1,0.052061110734939575,4,0,0
238,0,0.5687421560287476,0.2515980005264282,0.4423762261867523,0.0,0.0,-0.7153463363647461,0.12400303781032562,0.01296160276979208,-0.025065474212169647,0.004050485324114561,-0.024279527366161346,0.053711771965026855,0.014815662056207657,-0.018516600131988525,-0.01577688381075859,-0.014740943908691406,0.014742592349648476,236,1,0.05222591012716293,4,0,0
240,0,0.574501633644104,0.24222096800804138,0.4216192960739136,0.0,0.0,-0.7116414904594421,0.13044726848602295,0.013007293455302715,-0.025020327419042587,0.004050485324114561,-0.024279527366161346,0.055123329162597656,0.01497366838157177,-0.01855337619781494,-0.015901383012533188,-0.014559805393218994,0.014892715960741043,238,1,0.0521840862929821,4,0,0
242,0,0.5735273361206055,0.24583734571933746,0.42864102125167847,0.0,0.0,-0.6945513486862183,0.1421753466129303,0.01300621684640646,-0.025021662935614586,0.004050485324114561,-0.024279527366161346,0.055951595306396484,0.015113551169633865,-0.018581271171569824,-0.016011469066143036,-0.01440507173538208,0.015056348405778408,240,1,0.05110550299286842,4,0,0
244,0,0.578274667263031,0.24100296199321747,0.4167620837688446,0.0,0.0,-0.7191771268844604,0.11414574086666107,0.013044832274317741,-0.024983366951346397,0.004050485324114561,-0.024279527366161346,0.05595129728317261,0.015221481211483479,-0.018616944551467896,-0.01609121635556221,-0.014266729354858398,0.015165702439844608,242,1,0.04937225580215454,4,0,0
246,0,0.5912771821022034,0.2266799807548523,0.3833734691143036,0.0,0.0,-0.7045643925666809,0.1315302550792694,0.013174830004572868,-0.02485286071896553,0.004050485324114561,-0.024029526859521866,0.05627661943435669,0.015385128557682037,-0.01866072416305542,-0.016213975846767426,-0.014072299003601074,0.015289385803043842,244,1,0.04866785928606987,4,0,0
248,0,0.6084038615226746,0.23449672758579254,0.38542938232421875,0.0,0.0,-0.7514041066169739,0.09925570338964462,0.013529622927308083,-0.024508023634552956,0.004050485324114561,-0.023779526352882385,0.05779314041137695,0.015574936755001545,-0.018712639808654785,-0.016352534294128418,-0.013840794563293457,0.015467648394405842,246,1,0.050961773842573166,4,0,0
250,0,0.5892752408981323,0.2743411064147949,0.4655568301677704,0.0,0.0,-0.7154415845870972,0.16347041726112366,0.013436988927423954,-0.02460014820098877,0.004050485324114561,-0.023779526352882385,0.060764193534851074,0.015760894864797592,-0.01879286766052246,-0.016477707773447037,-0.01358574628829956,0.01569107361137867,248,1,0.05390777811408043,4,0,0
252,0,0.6087769865989685,0.2562132179737091,0.4208654761314392,0.0,0.0,-0.7446405291557312,0.1284325122833252,0.013332515954971313,-0.024704348295927048,0.004050485324114561,-0.023779526352882385,0.06139087677001953,0.015854278579354286,-0.018837422132492065,-0.016537513583898544,-0.013451576232910156,0.015797864645719528,250,1,0.05176646634936333,4,0,0
254,0,0.6128436326980591,0.24929679930210114,0.4067869484424591,0.0,0.0,-0.768528938293457,0.10725747793912888,0.013586170971393585,-0.024450935423374176,0.004050485324114561,-0.023779526352882385,0.06215387582778931,0.016075968742370605,-0.018860548734664917,-0.01670163869857788,-0.013215184211730957,0.01595987007021904,252,1,0.051091913133859634,4,0,0
256,0,0.6215521693229675,0.24217146635055542,0.3896237313747406,0.0,0.0,-0.77358078956604,0.0991586297750473,0.013767060823738575,-0.024269798770546913,0.004050485324114561,-0.023779526352882385,0.06335538625717163,0.01625129207968712,-0.0188848078250885,-0.016827154904603958,-0.01301950216293335,0.016176646575331688,254,1,0.05101757496595383,4,0,0
258,0,0.6013191938400269,0.2608121335506439,0.4337332546710968,0.0,0.0,-0.7655645608901978,0.10990636795759201,0.013568727299571037,-0.02446850575506687,0.004050485324114561,-0.023779526352882385,0.06471657752990723,0.016383299604058266,-0.018926501274108887,-0.01691313087940216,-0.012849628925323486,0.016316602006554604,256,1,0.050413161516189575,4,0,0
260,0,0.6123660206794739,0.25137054920196533,0.4104906916618347,0.0,0.0,-0.7583558559417725,0.11503053456544876,0.013622655533254147,-0.024414194747805595,0.004050485324114561,-0.023779526352882385,0.06566053628921509,0.016501713544130325,-0.018981128931045532,-0.016981784254312515,-0.01267552375793457,0.016447843983769417,258,1,0.049674104899168015,4,0,0
262,0,0.5999889373779297,0.26471441984176636,0.44119882583618164,0.0,0.0,-0.7524012923240662,0.12110993266105652,0.013606787659227848,-0.024430079385638237,0.004050485324114561,-0.023779526352882385,0.06760358810424805,0.01658646948635578,-0.01909974217414856,-0.016999587416648865,-0.012466371059417725,0.016538556665182114,260,1,0.05070933327078819,4,0,0
264,0,0.600748598575592,0.263213574886322,0.4381426274776459,0.0,0.0,-0.754258930683136,0.12076244503259659,0.013555740937590599,-0.024480996653437614,0.004050485324114561,-0.023779526352882385,0.06888854503631592,0.01665351539850235,-0.01918971538543701,-0.01701432093977928,-0.012309134006500244,0.016622621566057205,260,1,0.050611574202775955,4,0,0
266,0,0.6163848042488098,0.2674451768398285,0.43389320373535156,0.0,0.0,-0.7608200907707214,0.13706310093402863,0.013692962005734444,-0.024343205615878105,0.004050485324114561,-0.023529525846242905,0.069308340549469,0.01668948121368885,-0.0192263126373291,-0.017025716602802277,-0.012235522270202637,0.016673842445015907,260,1,0.05046674981713295,4,0,0
268,0,0.6269648671150208,0.25757384300231934,0.41082659363746643,0.0,0.0,-0.7830916047096252,0.11256396770477295,0.013826414942741394,-0.024209698662161827,0.004050485324114561,-0.023529525846242905,0.06992584466934204,0.016686711460351944,-0.019262760877609253,-0.01700909435749054,-0.01220083236694336,0.016687942668795586,260,1,0.051221590489149094,4,0,0
270,0,0.6049042344093323,0.27996501326560974,0.46282535791397095,0.0,0.0,-0.7434769868850708,0.15516075491905212,0.013713144697248936,-0.024322764948010445,0.004050485324114561,-0.023529525846242905,0.07048910856246948,0.016701292246580124,-0.01927599310874939,-0.017014596611261368,-0.012173891067504883,0.01669495366513729,260,1,0.05135440081357956,4,0,0
272,0,0.6300661563873291,0.2542257606983185,0.4034905731678009,0.0,0.0,-0.7982291579246521,0.09657443314790726,0.013751473277807236,-0.024284861981868744,0.004050485324114561,-0.023529525846242905,0.06912881135940552,0.016661548987030983,-0.019268810749053955,-0.016988836228847504,-0.012220442295074463,0.01667661778628826,260,1,0.04884784296154976,4,0,0
274,0,0.6293777227401733,0.2566502094268799,0.4077840745449066,0.0,0.0,-0.7996779680252075,0.09525166451931,0.014049334451556206,-0.02398664318025112,0.004050485324114561,-0.023529525846242905,0.07016456127166748,0.016751622781157494,-0.019293636083602905,-0.017042052000761032,-0.012101709842681885,0.01669725961983204,260,1,0.05166655033826828,4,0,0
276,0,0.6217353940010071,0.2650412917137146,0.42629274725914,0.0,0.0,-0.7734405398368835,0.12176688015460968,0.013789673335850239,-0.024246331304311752,0.004050485324114561,-0.023529525846242905,0.07011973857879639,0.016749871894717216,-0.01928803324699402,-0.017044879496097565,-0.012114346027374268,0.016771215945482254,260,1,0.0510086715221405,4,0,0
278,0,0.6330906748771667,0.2526785135269165,0.39911898970603943,0.0,0.0,-0.7906147837638855,0.10375848412513733,0.0138735705986619,-0.024162476882338524,0.004050485324114561,-0.023529525846242905,0.06926947832107544,0.016721852123737335,-0.01929226517677307,-0.0170220285654068,-0.012134790420532227,0.01672823168337345,260,1,0.04986679181456566,4,0,0
280,0,0.6251556873321533,0.25888583064079285,0.41411417722702026,0.0,0.0,-0.7849015593528748,0.1127535030245781,0.014053639024496078,-0.023982377722859383,0.004050485324114561,-0.023529525846242905,0.07016247510910034,0.01678118109703064,-0.019311726093292236,-0.01705601066350937,-0.012054681777954102,0.01675216667354107,260,1,0.05236157402396202,4,0,0
282,0,0.6166225671768188,0.26889804005622864,0.43608206510543823,0.0,0.0,-0.7667285799980164,0.13043802976608276,0.013764750212430954,-0.02427125722169876,0.004050485324114561,-0.023529525846242905,0.07038348913192749,0.01676161400973797,-0.019314467906951904,-0.01704288274049759,-0.012076973915100098,0.016773387789726257,260,1,0.05211498215794563,4,0,0
284,0,0.6386224031448364,0.24299338459968567,0.38049617409706116,0.0,0.0,-0.7676651477813721,0.13035902380943298,0.013789343647658825,-0.024246666580438614,0.004050485324114561,-0.023529525846242905,0.06880325078964233,0.01671670936048031,-0.019301295280456543,-0.01701599732041359,-0.012134552001953125,0.016737909987568855,260,1,0.04959198459982872,4,0,0
286,0,0.6408068537712097,0.24360476434230804,0.38015317916870117,0.0,0.0,-0.8199822306632996,0.07379645109176636,0.014139211736619473,-0.023896945640444756,0.004050485324114561,-0.023529525846242905,0.06852489709854126,0.016746899113059044,-0.019285529851913452,-0.017042815685272217,-0.012117087841033936,0.016717778518795967,260,1,0.05036187544465065,4,0,0
288,0,0.6123648881912231,0.27143099904060364,0.4432504177093506,0.0,0.0,-0.743162989616394,0.15501809120178223,0.013934189453721046,-0.024101857095956802,0.004050485324114561,-0.023529525846242905,0.07033836841583252,0.016771720722317696,-0.01929950714111328,-0.017055701464414597,-0.012080609798431396,0.016779670491814613,260,1,0.0531085766851902,4,0,0
290,0,0.6225135922431946,0.26181912422180176,0.4205837845802307,0.0,0.0,-0.7756345272064209,0.12062351405620575,0.01375233381986618,-0.024283891543745995,0.004050485324114561,-0.023529525846242905,0.07072681188583374,0.01674564927816391,-0.01929888129234314,-0.01703745499253273,-0.012107551097869873,0.016751468181610107,260,1,0.05268026515841484,4,0,0
292,0,0.6318680047988892,0.2534521818161011,0.4011157155036926,0.0,0.0,-0.7842591404914856,0.1107388287782669,0.013850362971425056,-0.02418562024831772,0.004050485324114561,-0.023529525846242905,0.07061225175857544,0.016730181872844696,-0.0192907452583313,-0.0170295350253582,-0.0121307373046875,0.016737043857574463,260,1,0.05171794816851616,4,0,0
294,0,0.6298788189888,0.25599098205566406,0.40641307830810547,0.0,0.0,-0.7577453851699829,0.1393873393535614,0.013725213706493378,-0.02431079000234604,0.004050485324114561,-0.023529525846242905,0.06956058740615845,0.01664632558822632,-0.01928386092185974,-0.016973011195659637,-0.012223660945892334,0.016695428639650345,260,1,0.04876621067523956,4,0,0
296,0,0.6473432779312134,0.23734630644321442,0.36664673686027527,0.0,0.0,-0.8061553239822388,0.08608897030353546,0.014038429595530033,-0.023997588083148003,0.004050485324114561,-0.023279525339603424,0.06915795803070068,0.016668103635311127,-0.01928052306175232,-0.01698828488588333,-0.012200355529785156,0.016633424907922745,260,1,0.0489952377974987,4,0,0
298,0,0.6322953701019287,0.2738893926143646,0.43316686153411865,0.0,0.0,-0.7810799479484558,0.13800053298473358,0.013941417448222637,-0.024093972519040108,0.004050485324114561,-0.023279525339603424,0.07011395692825317,0.016705412417650223,-0.019290119409561157,-0.017011985182762146,-0.01215583086013794,0.016688819974660873,260,1,0.050829432904720306,4,0,0
300,0,0.628339409828186,0.2767162322998047,0.44039294123649597,0.0,0.0,-0.766828715801239,0.15382608771324158,0.013886235654354095,-0.024149015545845032,0.004050485324114561,-0.023279525339603424,0.0703611969947815,0.016720836982131004,-0.019294291734695435,-0.0170215405523777,-0.01213681697845459,0.016721079126000404,260,1,0.05159306526184082,4,0,0
302,0,0.6410101652145386,0.2660413980484009,0.41503459215164185,0.0,0.0,-0.7833481431007385,0.13523805141448975,0.013924269005656242,-0.02411074936389923,0.004050485324114561,-0.023279525339603424,0.06944459676742554,0.01666555367410183,-0.019310414791107178,-0.016974877566099167,-0.012173950672149658,0.016676215454936028,260,1,0.050292953848838806,4,0,0
304,0,0.6452645659446716,0.26184603571891785,0.4057964086532593,0.0,0.0,-0.8068139553070068,0.10906781256198883,0.01404624804854393,-0.023988986387848854,0.004050485324114561,-0.023279525339603424,0.06883955001831055,0.016665278002619743,-0.019318699836730957,-0.016971204429864883,-0.012165486812591553,0.016647376120090485,260,1,0.049918998032808304,4,0,0
306,0,0.6325339078903198,0.27558740973472595,0.43568795919418335,0.0,0.0,-0.7851894497871399,0.1314699500799179,0.014111166819930077,-0.023924171924591064,0.004050485324114561,-0.023279525339603424,0.06970769166946411,0.01673087477684021,-0.019309967756271362,-0.017022211104631424,-0.012110531330108643,0.016703125089406967,260,1,0.052049774676561356,4,0,0
308,0,0.625849723815918,0.28047001361846924,0.44814273715019226,0.0,0.0,-0.7668264508247375,0.1531066745519638,0.013948721811175346,-0.0240866057574749,0.004050485324114561,-0.023279525339603424,0.0706053376197815,0.016753965988755226,-0.019310563802719116,-0.017037317156791687,-0.012083649635314941,0.01674625836312771,260,1,0.05325227230787277,4,0,0
310,0,0.6326669454574585,0.2727292478084564,0.43107870221138,0.0,0.0,-0.7954910397529602,0.12445420026779175,0.013937750831246376,-0.024097660556435585,0.004050485324114561,-0.023279525339603424,0.07016324996948242,0.016727223992347717,-0.019308358430862427,-0.017019961029291153,-0.012114942073822021,0.016734233126044273,260,1,0.05200463533401489,4,0,0
312,0,0.6429704427719116,0.26293930411338806,0.40894460678100586,0.0,0.0,-0.8126047253608704,0.10485351830720901,0.014033319428563118,-0.024002104997634888,0.004050485324114561,-0.023279525339603424,0.06974810361862183,0.016711562871932983,-0.01930946111679077,-0.01700800657272339,-0.01212853193283081,0.01670243591070175,260,1,0.05133926495909691,4,0,0
314,0,0.6397766470909119,0.26659736037254333,0.4167037904262543,0.0,0.0,-0.8043379783630371,0.1137356162071228,0.014050907455384731,-0.023984380066394806,0.004050485324114561,-0.023279525339603424,0.06999963521957397,0.016722604632377625,-0.019306927919387817,-0.017017003148794174,-0.012120306491851807,0.016710875555872917,260,1,0.05183560028672218,4,0,0
316,0,0.620643138885498,0.28596988320350647,0.4607637822628021,0.0,0.0,-0.7548694610595703,0.16598495841026306,0.013910461217164993,-0.024124734103679657,0.004050485324114561,-0.023279525339603424,0.07020866870880127,0.016696646809577942,-0.019314438104629517,-0.016995754092931747,-0.012139618396759033,0.01672789454460144,260,1,0.0517720952630043,4,0,0
318,0,0.6308909058570862,0.2726746201515198,0.4322056472301483,0.0,0.0,-0.7648338675498962,0.1574721336364746,0.013838589191436768,-0.024196680635213852,0.004050485324114561,-0.023279525339603424,0.06875795125961304,0.016630442813038826,-0.019316554069519043,-0.016947560012340546,-0.012203693389892578,0.01665571890771389,260,1,0.049169134348630905,4,0,0
320,0,0.63648521900177,0.2671184539794922,0.41967737674713135,0.0,0.0,-0.7988060712814331,0.12109589576721191,0.014021762646734715,-0.024013949558138847,0.004050485324114561,-0.023279525339603424,0.06744492053985596,0.016598282381892204,-0.01931825280189514,-0.01692371442914009,-0.01223379373550415,0.016608407720923424,260,1,0.047792769968509674,4,0,0
322,0,0.6464762091636658,0.2607988715171814,0.4034160375595093,0.0,0.0,-0.8128435611724854,0.10271108150482178,0.01425793394446373,-0.023777512833476067,0.004050485324114561,-0.023279525339603424,0.06845635175704956,0.01669626496732235,-0.01931142807006836,-0.016995951533317566,-0.012140870094299316,0.016632040962576866,260,1,0.05080880597233772,4,0,0
324,0,0.6251181364059448,0.28169742226600647,0.45063069462776184,0.0,0.0,-0.7420960068702698,0.1795131266117096,0.013825839385390282,-0.02420913241803646,0.004050485324114561,-0.023279525339603424,0.06966418027877808,0.01676100492477417,-0.019294708967208862,-0.017051026225090027,-0.012099087238311768,0.016742654144763947,260,1,0.05199847370386124,4,0,0
326,0,0.6405928134918213,0.2653215229511261,0.4141812324523926,0.0,0.0,-0.7969993352890015,0.12118504196405411,0.013868196867406368,-0.02416718751192093,0.004050485324114561,-0.023279525339603424,0.06834977865219116,0.016677455976605415,-0.019290655851364136,-0.01699160784482956,-0.012182772159576416,0.016723712906241417,260,1,0.04948143661022186,4,0,0
328,0,0.6466077566146851,0.25907421112060547,0.4006667137145996,0.0,0.0,-0.8035416007041931,0.11380428820848465,0.014148718677461147,-0.02388666570186615,0.004050485324114561,-0.023279525339603424,0.06875789165496826,0.016696013510227203,-0.019315451383590698,-0.016993913799524307,-0.012136399745941162,0.01667023077607155,260,1,0.05076022073626518,4,0,0
330,0,0.6260828971862793,0.28181666135787964,0.4501267671585083,0.0,0.0,-0.7792828679084778,0.13955837488174438,0.013901151716709137,-0.024134155362844467,0.004050485324114561,-0.023279525339603424,0.06921887397766113,0.016691649332642555,-0.019319117069244385,-0.016990933567285538,-0.012141764163970947,0.016706788912415504,260,1,0.05075614154338837,4,0,0
332,0,0.646411120891571,0.25997233390808105,0.40217798948287964,0.0,0.0,-0.8184320330619812,0.09857390820980072,0.014003578573465347,-0.02403177320957184,0.004050485324114561,-0.023279525339603424,0.06857079267501831,0.016671808436512947,-0.01932397484779358,-0.01697344332933426,-0.012152791023254395,0.016667786985635757,260,1,0.050170086324214935,4,0,0
334,0,0.6393973231315613,0.269633412361145,0.42169931530952454,0.0,0.0,-0.781631588935852,0.13662667572498322,0.014149469323456287,-0.02388511598110199,0.004050485324114561,-0.023279525339603424,0.06928861141204834,0.016751203685998917,-0.019316673278808594,-0.017033565789461136,-0.012082278728485107,0.01671898365020752,260,1,0.05229433625936508,4,0,0
336,0,0.6344959735870361,0.2711913287639618,0.427412211894989,0.0,0.0,-0.7702840566635132,0.14881618320941925,0.013888458721339703,-0.024146927520632744,0.004050485324114561,-0.023279525339603424,0.06932991743087769,0.01668616198003292,-0.019323378801345825,-0.016985267400741577,-0.01214289665222168,0.016725139692425728,260,1,0.05169481784105301,4,0,0
338,0,0.633002519607544,0.2729457914829254,0.4311922788619995,0.0,0.0,-0.7974815368652344,0.12108051776885986,0.01399835105985403,-0.024037042632699013,0.004050485324114561,-0.023279525339603424,0.06966716051101685,0.01673661731183529,-0.019319653511047363,-0.01702168583869934,-0.012093067169189453,0.016688887029886246,260,1,0.05233006179332733,4,0,0
340,0,0.636924684047699,0.2696405351161957,0.4233475923538208,0.0,0.0,-0.7972391247749329,0.11972133815288544,0.013990557752549648,-0.024044929072260857,0.004050485324114561,-0.023279525339603424,0.06941920518875122,0.016709715127944946,-0.019306540489196777,-0.017008252441883087,-0.012134432792663574,0.016733838245272636,260,1,0.05145733058452606,4,0,0
342,0,0.6307598352432251,0.2744804620742798,0.4351584315299988,0.0,0.0,-0.7935183048248291,0.126278355717659,0.014017980545759201,-0.024017583578824997,0.004050485324114561,-0.023279525339603424,0.0699036717414856,0.01671638898551464,-0.0193156898021698,-0.017008930444717407,-0.012117445468902588,0.01671375334262848,260,1,0.05208849906921387,4,0,0
344,0,0.6214556694030762,0.2860027551651001,0.4602142572402954,0.0,0.0,-0.7620787620544434,0.15856601297855377,0.013858678750693798,-0.02417665719985962,0.004050485324114561,-0.023279525339603424,0.06991493701934814,0.016632230952382088,-0.019347190856933594,-0.016936887055635452,-0.012172281742095947,0.016673490405082703,260,1,0.05122833698987961,4,0,0
346,0,0.6494861841201782,0.2563340365886688,0.3946720361709595,0.0,0.0,-0.8086076974868774,0.1080014556646347,0.013994961977005005,-0.02404036931693554,0.004050485324114561,-0.023279525339603424,0.06939411163330078,0.01660914532840252,-0.01935887336730957,-0.01691412180662155,-0.012179195880889893,0.016603566706180573,260,1,0.05044769495725632,4,0,0
348,0,0.6456992030143738,0.25910675525665283,0.4012809097766876,0.0,0.0,-0.7952914237976074,0.12370874732732773,0.01416049711406231,-0.023874927312135696,0.004050485324114561,-0.023279525339603424,0.07055026292800903,0.016683796420693398,-0.019363731145858765,-0.016965463757514954,-0.012099862098693848,0.01663891412317753,260,1,0.05302529036998749,4,0,0
350,0,0.6217123866081238,0.2849492132663727,0.4583296477794647,0.0,0.0,-0.7646923065185547,0.15406981110572815,0.013913233764469624,-0.024122139438986778,0.004050485324114561,-0.023279525339603424,0.0714186429977417,0.01669452339410782,-0.019358903169631958,-0.016976401209831238,-0.012097775936126709,0.01672196574509144,260,1,0.05392031371593475,4,0,0
352,0,0.6420688629150391,0.2625613808631897,0.408930242061615,0.0,0.0,-0.8075782656669617,0.11101585626602173,0.01382900308817625,-0.024206485599279404,0.004050485324114561,-0.023279525339603424,0.06999903917312622,0.016639698296785355,-0.019342005252838135,-0.01694360375404358,-0.012167930603027344,0.01665124110877514,260,1,0.05106889456510544,4,0,0
354,0,0.6400245428085327,0.2670983374118805,0.41732513904571533,0.0,0.0,-0.7936521768569946,0.12417998164892197,0.014143379405140877,-0.02389264479279518,0.004050485324114561,-0.023279525339603424,0.07005572319030762,0.016673993319272995,-0.01934260129928589,-0.0169675275683403,-0.012132108211517334,0.01666663959622383,260,1,0.05178006738424301,4,0,0
356,0,0.6350641846656799,0.2694707214832306,0.4243204593658447,0.0,0.0,-0.7740542888641357,0.14526143670082092,0.013882837258279324,-0.02415263094007969,0.004050485324114561,-0.023279525339603424,0.06996113061904907,0.016634346917271614,-0.019355207681655884,-0.016934439539909363,-0.012160062789916992,0.01664799451828003,260,1,0.05108642578125,4,0,0
358,0,0.6424862146377563,0.26375094056129456,0.4105161130428314,0.0,0.0,-0.8145806789398193,0.10230126231908798,0.014162790961563587,-0.023872684687376022,0.004050485324114561,-0.023279525339603424,0.07047396898269653,0.016702381893992424,-0.019346922636032104,-0.016985569149255753,-0.012098133563995361,0.016665177419781685,260,1,0.05291248857975006,4,0,0
360,0,0.6390982270240784,0.2665155827999115,0.41701817512512207,0.0,0.0,-0.7739999294281006,0.14519427716732025,0.013886285945773125,-0.024149106815457344,0.004050485324114561,-0.023279525339603424,0.07090067863464355,0.016665467992424965,-0.019366413354873657,-0.01695128157734871,-0.012115418910980225,0.016691651195287704,260,1,0.05312683433294296,4,0,0
362,0,0.6288431882858276,0.2780498266220093,0.44216084480285645,0.0,0.0,-0.7870681881904602,0.1321890652179718,0.013979353941977024,-0.024055931717157364,0.004050485324114561,-0.023279525339603424,0.07080984115600586,0.01668020524084568,-0.01936832070350647,-0.016962438821792603,-0.012102901935577393,0.016678713262081146,260,1,0.05305200070142746,4,0,0
364,0,0.6559054851531982,0.25086772441864014,0.3824754059314728,0.0,0.0,-0.8075544834136963,0.10731189697980881,0.014071779325604439,-0.023963510990142822,0.004050485324114561,-0.023279525339603424,0.06985616683959961,0.01667105406522751,-0.0193445086479187,-0.01696496084332466,-0.012134015560150146,0.016660301014780998,260,1,0.05162334814667702,4,0,0
366,0,0.6344389915466309,0.273356556892395,0.4308634102344513,0.0,0.0,-0.8025036454200745,0.1149306371808052,0.014055567793548107,-0.02398049645125866,0.004050485324114561,-0.023279525339603424,0.07036328315734863,0.01672750525176525,-0.01933041214942932,-0.01701148971915245,-0.012093305587768555,0.016705222427845,260,1,0.05272633954882622,4,0,0
368,0,0.6486823558807373,0.25818440318107605,0.3980135917663574,0.0,0.0,-0.8020302057266235,0.1146763488650322,0.013992935419082642,-0.024042440578341484,0.004050485324114561,-0.023279525339603424,0.07021152973175049,0.01670418493449688,-0.019331037998199463,-0.016993049532175064,-0.012111485004425049,0.016707809641957283,260,1,0.05249616503715515,4,0,0
370,0,0.6346541047096252,0.2734571397304535,0.43087586760520935,0.0,0.0,-0.774514377117157,0.14283689856529236,0.013967825099825859,-0.02406717836856842,0.004050485324114561,-0.023279525339603424,0.07009238004684448,0.016689088195562363,-0.01933974027633667,-0.016980286687612534,-0.012122273445129395,0.016716646030545235,260,1,0.0523582361638546,4,0,0
372,0,0.6478102207183838,0.25894418358802795,0.39972227811813354,0.0,0.0,-0.8049474954605103,0.11094938963651657,0.014063220471143723,-0.023972176015377045,0.004050485324114561,-0.023279525339603424,0.06965291500091553,0.016658805310726166,-0.01934751868247986,-0.016954444348812103,-0.012141644954681396,0.01665318012237549,260,1,0.05209088698029518,4,0,0
374,0,0.6449102759361267,0.2613840103149414,0.40530291199684143,0.0,0.0,-0.7890990972518921,0.12827686965465546,0.014072456397116184,-0.023962825536727905,0.004050485324114561,-0.023279525339603424,0.07019448280334473,0.016705939546227455,-0.019345849752426147,-0.01698882505297661,-0.01209646463394165,0.016685746610164642,260,1,0.05345954746007919,4,0,0
376,0,0.6137163043022156,0.2947991192340851,0.4803507924079895,0.0,0.0,-0.763167142868042,0.15724709630012512,0.013821328990161419,-0.02421395108103752,0.004050485324114561,-0.023279525339603424,0.07037395238876343,0.016678575426340103,-0.01935097575187683,-0.016968563199043274,-0.012122511863708496,0.01670794002711773,260,1,0.05314856767654419,4,0,0
378,0,0.6399686336517334,0.26300203800201416,0.4109608232975006,0.0,0.0,-0.7890856862068176,0.13135014474391937,0.01388824637979269,-0.024147184565663338,0.004050485324114561,-0.023279525339603424,0.06890678405761719,0.01661236211657524,-0.01934799551963806,-0.016921930015087128,-0.012190103530883789,0.016645018011331558,260,1,0.05061636492609978,4,0,0
380,0,0.6495168209075928,0.25745880603790283,0.396385133266449,0.0,0.0,-0.8108880519866943,0.10541502386331558,0.014204726554453373,-0.02383064478635788,0.004050485324114561,-0.023279525339603424,0.06933420896530151,0.016654517501592636,-0.019362956285476685,-0.01694462075829506,-0.012129068374633789,0.01661570370197296,260,1,0.05204012244939804,4,0,0
382,0,0.6240792870521545,0.2837735116481781,0.45470747351646423,0.0,0.0,-0.7644358277320862,0.1556793749332428,0.013947620056569576,-0.024087607860565186,0.004050485324114561,-0.023279525339603424,0.07037979364395142,0.016651511192321777,-0.01938071846961975,-0.016936566680669785,-0.012118160724639893,0.016675196588039398,260,1,0.05297417566180229,4,0,0
384,0,0.635315477848053,0.2728046476840973,0.4294002950191498,0.0,0.0,-0.7840276956558228,0.13355860114097595,0.013850771822035313,-0.02418440952897072,0.004050485324114561,-0.023279525339603424,0.06972932815551758,0.016607969999313354,-0.01938807964324951,-0.01690215989947319,-0.012153327465057373,0.016621727496385574,260,1,0.051472268998622894,4,0,0
386,0,0.6412017941474915,0.26248490810394287,0.4093639552593231,0.0,0.0,-0.79244065284729,0.12733474373817444,0.014016810804605484,-0.024018744006752968,0.004050485324114561,-0.023279525339603424,0.06889164447784424,0.016590798273682594,-0.019390761852264404,-0.016888044774532318,-0.012165606021881104,0.01659543067216873,260,1,0.050418149679899216,4,0,0
388,0,0.6532288193702698,0.2534523904323578,0.38799941539764404,0.0,0.0,-0.8156509399414062,0.10035492479801178,0.014191429130733013,-0.02384387142956257,0.004050485324114561,-0.023279525339603424,0.0692359209060669,0.016663195565342903,-0.01938590407371521,-0.0169416181743145,-0.01209801435470581,0.016605675220489502,260,1,0.05187954381108284,4,0,0
390,0,0.6286479830741882,0.27784594893455505,0.44197380542755127,0.0,0.0,-0.7693906426429749,0.1504397988319397,0.014075261540710926,-0.02396060898900032,0.004050485324114561,-0.023279525339603424,0.07081305980682373,0.01676316186785698,-0.019370734691619873,-0.017019765451550484,-0.012015700340270996,0.01672770269215107,260,1,0.05472218990325928,4,0,0
392,0,0.6270284652709961,0.2782663404941559,0.44378581643104553,0.0,0.0,-0.7733938694000244,0.1467723399400711,0.013778304681181908,-0.02425718680024147,0.004050485324114561,-0.023279525339603424,0.0702410340309143,0.016694260761141777,-0.019358277320861816,-0.01697676256299019,-0.012099504470825195,0.01673908904194832,260,1,0.052637141197919846,4,0,0
394,0,0.6532584428787231,0.25315117835998535,0.3875207006931305,0.0,0.0,-0.8215740323066711,0.09415818750858307,0.014043596573174,-0.023991813883185387,0.004050485324114561,-0.023279525339603424,0.06898921728134155,0.016653332859277725,-0.0193617045879364,-0.01694490946829319,-0.012133300304412842,0.016658857464790344,260,1,0.05092661455273628,4,0,0
396,0,0.6361888647079468,0.26895833015441895,0.42276492714881897,0.0,0.0,-0.7950404286384583,0.1237868070602417,0.014201218262314796,-0.023834193125367165,0.004050485324114561,-0.023279525339603424,0.0699385404586792,0.016752423718571663,-0.019347429275512695,-0.01702146604657173,-0.01204901933670044,0.016695871949195862,260,1,0.05334227904677391,4,0,0
398,0,0.6331924200057983,0.2715378701686859,0.42883941531181335,0.0,0.0,-0.7919454574584961,0.12709099054336548,0.014019358903169632,-0.02401612512767315,0.004050485324114561,-0.023279525339603424,0.07031023502349854,0.016764922067523003,-0.019302308559417725,-0.01704997569322586,-0.012085318565368652,0.016770491376519203,260,1,0.0534634031355381,4,0,0
400,0,0.6252498030662537,0.27984699606895447,0.4475763142108917,0.0,0.0,-0.7777076363563538,0.143520325422287,0.013876359909772873,-0.02415967546403408,0.004050485324114561,-0.023279525339603424,0.07068437337875366,0.016763940453529358,-0.019291222095489502,-0.01705259084701538,-0.012094080448150635,0.016768602654337883,260,1,0.053812745958566666,4,0,0
402,0,0.6325401067733765,0.27357473969459534,0.43250182271003723,0.0,0.0,-0.7740603089332581,0.14521680772304535,0.013779579661786556,-0.02425563707947731,0.004050485324114561,-0.023279525339603424,0.06979888677597046,0.01666891947388649,-0.019323348999023438,-0.016972023993730545,-0.012157440185546875,0.01672356203198433,260,1,0.051691778004169464,4,0,0
404,0,0.6459283232688904,0.2584801912307739,0.4001685380935669,0.0,0.0,-0.8011951446533203,0.11710526049137115,0.0140121104195714,-0.024023234844207764,0.004050485324114561,-0.023279525339603424,0.06842106580734253,0.016587743535637856,-0.019354194402694702,-0.016901593655347824,-0.012207865715026855,0.016627324745059013,260,1,0.049657076597213745,4,0,0
406,0,0.64130038022995,0.26553604006767273,0.41405874490737915,0.0,0.0,-0.8090563416481018,0.10743165016174316,0.01407551672309637,-0.02395997755229473,0.004050485324114561,-0.023279525339603424,0.06841278076171875,0.016548559069633484,-0.019387900829315186,-0.016858477145433426,-0.012209117412567139,0.016555210575461388,260,1,0.04994108900427818,4,0,0
408,0,0.6420943737030029,0.2646717429161072,0.4122006893157959,0.0,0.0,-0.8098245859146118,0.10766087472438812,0.014159966260194778,-0.023875433951616287,0.004050485324114561,-0.023279525339603424,0.06994843482971191,0.01667126826941967,-0.019398510456085205,-0.01694202423095703,-0.012076914310455322,0.016603270545601845,260,1,0.05348401144146919,4,0,0
410,0,0.6241998672485352,0.281911700963974,0.4516369104385376,0.0,0.0,-0.7629485130310059,0.1576649248600006,0.013936860486865044,-0.024098532274365425,0.004050485324114561,-0.023279525339603424,0.07051694393157959,0.016706133261322975,-0.019368648529052734,-0.016980621963739395,-0.012076258659362793,0.01672356203198433,260,1,0.05428976193070412,4,0,0
412,0,0.6400679349899292,0.26403728127479553,0.41251447796821594,0.0,0.0,-0.8035886287689209,0.11495420336723328,0.013808553107082844,-0.02422700636088848,0.004050485324114561,-0.023279525339603424,0.06906461715698242,0.016665108501911163,-0.019351094961166382,-0.016958024352788925,-0.012133300304412842,0.016684863716363907,260,1,0.051783494651317596,4,0,0
414,0,0.6544219255447388,0.2511981427669525,0.3838473856449127,0.0,0.0,-0.7920562624931335,0.12564939260482788,0.014179200865328312,-0.023855838924646378,0.004050485324114561,-0.023279525339603424,0.06875765323638916,0.016725754365324974,-0.01933389902114868,-0.01700800098478794,-0.012089192867279053,0.016681741923093796,260,1,0.05222427472472191,4,0,0
416,0,0.6389906406402588,0.2664140462875366,0.4169294834136963,0.0,0.0,-0.8112249374389648,0.10614760220050812,0.014138183556497097,-0.023897409439086914,0.004050485324114561,-0.023279525339603424,0.069591224193573,0.01677630841732025,-0.019310176372528076,-0.017054468393325806,-0.012064814567565918,0.01675833761692047,260,1,0.0536208413541317,4,0,0
418,0,0.632452666759491,0.2733992636203766,0.4322841465473175,0.0,0.0,-0.8016599416732788,0.11635321378707886,0.013963869772851467,-0.024071764200925827,0.004050485324114561,-0.023279525339603424,0.07041192054748535,0.01678198203444481,-0.019297808408737183,-0.0170636884868145,-0.01207202672958374,0.01678122580051422,260,1,0.054379794746637344,4,0,0
420,0,0.6471999287605286,0.2587079405784607,0.3997341990470886,0.0,0.0,-0.7973039746284485,0.1203756183385849,0.013922303915023804,-0.02411290630698204,0.004050485324114561,-0.023279525339603424,0.07014954090118408,0.01678365096449852,-0.019283831119537354,-0.017070721834897995,-0.0120849609375,0.01678849197924137,260,1,0.05340394750237465,4,0,0
422,0,0.6419675946235657,0.2633862793445587,0.4102797210216522,0.0,0.0,-0.7907851338386536,0.12886163592338562,0.014012700878083706,-0.024022605270147324,0.004050485324114561,-0.023279525339603424,0.07002204656600952,0.016742540523409843,-0.019296079874038696,-0.017036236822605133,-0.012113094329833984,0.016762804239988327,260,1,0.053029999136924744,4,0,0
424,0,0.6324834823608398,0.27426931262016296,0.43363869190216064,0.0,0.0,-0.793461263179779,0.1254439353942871,0.013963255099952221,-0.024072077125310898,0.004050485324114561,-0.023279525339603424,0.07030099630355835,0.01671145297586918,-0.019316941499710083,-0.0170057974755764,-0.012123703956604004,0.01671980507671833,260,1,0.05343404784798622,4,0,0
426,0,0.6383200883865356,0.26815474033355713,0.42009446024894714,0.0,0.0,-0.8003844022750854,0.11729108542203903,0.014013555832207203,-0.02402198128402233,0.004050485324114561,-0.023279525339603424,0.07067269086837769,0.01668856479227543,-0.019334524869918823,-0.016981396824121475,-0.01212620735168457,0.016701417043805122,260,1,0.05437436327338219,4,0,0
428,0,0.637863039970398,0.26747554540634155,0.4193306863307953,0.0,0.0,-0.790652871131897,0.12870338559150696,0.013871714472770691,-0.024163663387298584,0.004050485324114561,-0.023279525339603424,0.07087552547454834,0.016716476529836655,-0.019332855939865112,-0.017002910375595093,-0.012102663516998291,0.016689719632267952,260,1,0.054420240223407745,4,0,0
430,0,0.626563549041748,0.2784114480018616,0.44434669613838196,0.0,0.0,-0.7835289835929871,0.13670077919960022,0.013978330418467522,-0.02405732311308384,0.004050485324114561,-0.023279525339603424,0.07083064317703247,0.016718899831175804,-0.019322991371154785,-0.017007537186145782,-0.01210695505142212,0.016716405749320984,260,1,0.05445147305727005,4,0,0
432,0,0.6405230164527893,0.264751672744751,0.41333669424057007,0.0,0.0,-0.8038046360015869,0.1142791360616684,0.014020697213709354,-0.024014923721551895,0.004050485324114561,-0.023279525339603424,0.07102149724960327,0.016732219606637955,-0.019323617219924927,-0.017016276717185974,-0.012091577053070068,0.016728119924664497,260,1,0.05463605001568794,4,0,0
434,0,0.6422317624092102,0.2624031901359558,0.4085802137851715,0.0,0.0,-0.7936382293701172,0.12490077316761017,0.01396975014358759,-0.02406579814851284,0.004050485324114561,-0.023279525339603424,0.07088828086853027,0.0167628675699234,-0.019308120012283325,-0.01704595983028412,-0.012080967426300049,0.01674816571176052,260,1,0.05390568822622299,4,0,0
436,0,0.6468669772148132,0.2584361135959625,0.3995197117328644,0.0,0.0,-0.7795014381408691,0.14023369550704956,0.014012281782925129,-0.02402280829846859,0.004050485324114561,-0.023279525339603424,0.07090669870376587,0.01677246019244194,-0.01930183172225952,-0.0170549675822258,-0.012076616287231445,0.01676027849316597,260,1,0.05375709384679794,4,0,0
438,0,0.643407940864563,0.2622695863246918,0.40762564539909363,0.0,0.0,-0.7852515578269958,0.13383662700653076,0.014013539999723434,-0.024021625518798828,0.004050485324114561,-0.023279525339603424,0.07099294662475586,0.01677112840116024,-0.01930868625640869,-0.017051469534635544,-0.012071728706359863,0.016769614070653915,260,1,0.05392587557435036,4,0,0
440,0,0.6374578475952148,0.26749420166015625,0.41962650418281555,0.0,0.0,-0.78693026304245,0.13324874639511108,0.014011109247803688,-0.024024322628974915,0.004050485324114561,-0.023279525339603424,0.07133877277374268,0.016750585287809372,-0.019328564405441284,-0.01702788844704628,-0.01206982135772705,0.016757674515247345,260,1,0.054700903594493866,4,0,0
442,0,0.631777822971344,0.2755737602710724,0.4361877739429474,0.0,0.0,-0.7930769920349121,0.12581396102905273,0.013978922739624977,-0.024056430906057358,0.004050485324114561,-0.023279525339603424,0.07185870409011841,0.016745876520872116,-0.019348710775375366,-0.01701579988002777,-0.01205289363861084,0.016743285581469536,260,1,0.05572611466050148,4,0,0
444,0,0.6372892260551453,0.26791688799858093,0.4204007685184479,0.0,0.0,-0.7861600518226624,0.13255728781223297,0.013957512564957142,-0.024077970534563065,0.004050485324114561,-0.023279525339603424,0.07138019800186157,0.016766009852290154,-0.01933404803276062,-0.017037518322467804,-0.01205146312713623,0.016761235892772675,260,1,0.05499052628874779,4,0,0
446,0,0.6280948519706726,0.2782946825027466,0.4430774748325348,0.0,0.0,-0.8019943833351135,0.11731383204460144,0.013986068777740002,-0.024049436673521996,0.004050485324114561,-0.023279525339603424,0.07102060317993164,0.016762254759669304,-0.019323140382766724,-0.017038580030202866,-0.012064099311828613,0.016759822145104408,260,1,0.05449248105287552,4,0,0
448,0,0.6477570533752441,0.2589011490345001,0.3996886610984802,0.0,0.0,-0.7963095307350159,0.120607390999794,0.014105254784226418,-0.023929933086037636,0.004050485324114561,-0.023279525339603424,0.07041281461715698,0.016765370965003967,-0.0193023681640625,-0.017049744725227356,-0.012083292007446289,0.01677342876791954,260,1,0.05387662723660469,4,0,0
450,0,0.6278449892997742,0.27899935841560364,0.4443761706352234,0.0,0.0,-0.7698513865470886,0.14839127659797668,0.013997020199894905,-0.0240384042263031,0.004050485324114561,-0.023279525339603424,0.07113206386566162,0.01673571579158306,-0.01933276653289795,-0.017015140503644943,-0.012079179286956787,0.016748877242207527,260,1,0.05500994250178337,4,0,0
452,0,0.6374114155769348,0.26837894320487976,0.42104509472846985,0.0,0.0,-0.7931195497512817,0.12598095834255219,0.013968580402433872,-0.024066826328635216,0.004050485324114561,-0.023279525339603424,0.07134354114532471,0.016734926030039787,-0.019344687461853027,-0.017010405659675598,-0.012070000171661377,0.01673329994082451,260,1,0.055199988186359406,4,0,0
454,0,0.6370096802711487,0.27002859115600586,0.423900306224823,0.0,0.0,-0.7858001589775085,0.13155794143676758,0.013983161188662052,-0.02405218593776226,0.004050485324114561,-0.023279525339603424,0.07141607999801636,0.016726762056350708,-0.01934710144996643,-0.017004288733005524,-0.012077689170837402,0.016728615388274193,260,1,0.05516911670565605,4,0,0
456,0,0.6339983344078064,0.27173152565956116,0.4285997450351715,0.0,0.0,-0.7864291071891785,0.13284549117088318,0.013931753113865852,-0.02410373091697693,0.004050485324114561,-0.023279525339603424,0.07134729623794556,0.01674748957157135,-0.019334405660629272,-0.017023976892232895,-0.012068986892700195,0.0167310182005167,260,1,0.05484570562839508,4,0,0
458,0,0.6401231288909912,0.2658133804798126,0.41525352001190186,0.0,0.0,-0.8016103506088257,0.11667297780513763,0.014022720977663994,-0.024012736976146698,0.004050485324114561,-0.023279525339603424,0.07121765613555908,0.016757890582084656,-0.019327312707901,-0.017033647745847702,-0.012063920497894287,0.016751861199736595,260,1,0.05486108362674713,4,0,0
460,0,0.6447887420654297,0.26209425926208496,0.4064808189868927,0.0,0.0,-0.7854974269866943,0.13178402185440063,0.014026027172803879,-0.02400907687842846,0.004050485324114561,-0.023279525339603424,0.07138627767562866,0.016758080571889877,-0.019336819648742676,-0.01703021675348282,-0.01205509901046753,0.016759248450398445,260,1,0.05515440180897713,4,0,0
462,0,0.6417113542556763,0.26421624422073364,0.4117369055747986,0.0,0.0,-0.8132618069648743,0.1037583202123642,0.014048513025045395,-0.023986974731087685,0.004050485324114561,-0.023279525339603424,0.07129985094070435,0.01676478423178196,-0.01933389902114868,-0.017036184668540955,-0.01205134391784668,0.016764232888817787,260,1,0.05508803203701973,4,0,0
464,0,0.6394667625427246,0.26591670513153076,0.41584131121635437,0.0,0.0,-0.815148651599884,0.1023271232843399,0.014030128717422485,-0.024005630984902382,0.004050485324114561,-0.023279525339603424,0.07126551866531372,0.016765471547842026,-0.01932704448699951,-0.017039351165294647,-0.012057185173034668,0.016768598929047585,260,1,0.054986048489809036,4,0,0
466,0,0.6335479617118835,0.27227190136909485,0.42975735664367676,0.0,0.0,-0.7928997278213501,0.12596994638442993,0.014003334566950798,-0.02403215877711773,0.004050485324114561,-0.023279525339603424,0.07163304090499878,0.01675468310713768,-0.01933935284614563,-0.01702636107802391,-0.012054800987243652,0.01676253415644169,260,1,0.05554041266441345,4,0,0
468,0,0.6411126852035522,0.26399651169776917,0.41177862882614136,0.0,0.0,-0.7862438559532166,0.13314568996429443,0.013956436887383461,-0.024078788235783577,0.004050485324114561,-0.023279525339603424,0.07183128595352173,0.01675078086555004,-0.019348859786987305,-0.01701982691884041,-0.012049555778503418,0.016750434413552284,260,1,0.055521365255117416,4,0,0
470,0,0.6413832902908325,0.26285913586616516,0.40983158349990845,0.0,0.0,-0.7781177163124084,0.14221926033496857,0.013980160467326641,-0.02405508980154991,0.004050485324114561,-0.023279525339603424,0.07118052244186401,0.01673828810453415,-0.01933160424232483,-0.017019037157297134,-0.012082338333129883,0.01675463654100895,260,1,0.05412015691399574,4,0,0
472,0,0.6354796290397644,0.27164971828460693,0.42747196555137634,0.0,0.0,-0.7996873259544373,0.11808353662490845,0.01391754299402237,-0.024117926135659218,0.004050485324114561,-0.023279525339603424,0.06980317831039429,0.016646699979901314,-0.01933404803276062,-0.016952265053987503,-0.012170195579528809,0.016695596277713776,260,1,0.05163740739226341,4,0,0
474,0,0.6567242741584778,0.2486913651227951,0.3786845803260803,0.0,0.0,-0.8453586101531982,0.0698065459728241,0.014169084839522839,-0.023866454139351845,0.004050485324114561,-0.023279525339603424,0.06908565759658813,0.016664041206240654,-0.019337505102157593,-0.01696224883198738,-0.012146472930908203,0.01663588546216488,260,1,0.051784612238407135,4,0,0
476,0,0.632248044013977,0.2735614776611328,0.4326806366443634,0.0,0.0,-0.7971861362457275,0.12116993963718414,0.014102630317211151,-0.02393297664821148,0.004050485324114561,-0.023279525339603424,0.0704997181892395,0.016719210892915726,-0.019354909658432007,-0.016994651407003403,-0.01207435131072998,0.016709042713046074,260,1,0.054916903376579285,4,0,0
478,0,0.6165767908096313,0.28904250264167786,0.4687858819961548,0.0,0.0,-0.7565525770187378,0.16482728719711304,0.013808618299663067,-0.024226723238825798,0.004050485324114561,-0.023279525339603424,0.07110387086868286,0.01671314612030983,-0.019363582134246826,-0.016987428069114685,-0.0120735764503479,0.01673262007534504,260,1,0.05548207461833954,4,0,0
480,0,0.6413737535476685,0.2638813257217407,0.4114314317703247,0.0,0.0,-0.7980208992958069,0.12015516310930252,0.0138601278886199,-0.02417515590786934,0.004050485324114561,-0.023279525339603424,0.06931990385055542,0.016698619350790977,-0.019342869520187378,-0.01698552817106247,-0.012108802795410156,0.016678709536790848,260,1,0.052447784692049026,4,0,0
482,0,0.6357889175415039,0.2708371579647064,0.4259859621524811,0.0,0.0,-0.7950645685195923,0.12140975892543793,0.014145364053547382,-0.02388986013829708,0.004050485324114561,-0.023279525339603424,0.06834399700164795,0.016746755689382553,-0.019291073083877563,-0.017041370272636414,-0.012114226818084717,0.016732528805732727,260,1,0.05143466219305992,4,0,0
484,0,0.6395505666732788,0.26854178309440613,0.4198913872241974,0.0,0.0,-0.8007887601852417,0.11503878980875015,0.014028417877852917,-0.024006834253668785,0.004050485324114561,-0.023279525339603424,0.06786543130874634,0.01671350747346878,-0.019288301467895508,-0.017017949372529984,-0.012147963047027588,0.01672169752418995,260,1,0.05071929469704628,4,0,0
486,0,0.6316469311714172,0.2736569344997406,0.4332435131072998,0.0,0.0,-0.7879838943481445,0.13045288622379303,0.014100728556513786,-0.02393462136387825,0.004050485324114561,-0.023279525339603424,0.06832075119018555,0.016741402447223663,-0.01930418610572815,-0.01703154295682907,-0.012104332447052002,0.016745155677199364,260,1,0.05238981172442436,4,0,0
488,0,0.6523935198783875,0.25472772121429443,0.390451043844223,0.0,0.0,-0.7869217395782471,0.1293395459651947,0.01395187433809042,-0.02408362179994583,0.004050485324114561,-0.023279525339603424,0.06802994012832642,0.016675392165780067,-0.019327163696289062,-0.01697438210248947,-0.012145042419433594,0.016689999029040337,260,1,0.052052587270736694,4,0,0
490,0,0.6323143243789673,0.2751222252845764,0.43510356545448303,0.0,0.0,-0.7791298031806946,0.14025282859802246,0.014038926921784878,-0.02399669587612152,0.004050485324114561,-0.023279525339603424,0.0686066746711731,0.01669813133776188,-0.01934799551963806,-0.016983218491077423,-0.012104511260986328,0.016702361404895782,260,1,0.053626663982868195,4,0,0
492,0,0.6349436640739441,0.27360454201698303,0.43091151118278503,0.0,0.0,-0.7928293943405151,0.12465234100818634,0.013956057839095592,-0.024079082533717155,0.004050485324114561,-0.023279525339603424,0.0685071349143982,0.016682647168636322,-0.019348323345184326,-0.016971878707408905,-0.012119174003601074,0.016674542799592018,260,1,0.05314932018518448,4,0,0
494,0,0.6513064503669739,0.2538568079471588,0.38976553082466125,0.0,0.0,-0.8260743021965027,0.09260766208171844,0.014110182411968708,-0.023925025016069412,0.004050485324114561,-0.023279525339603424,0.06761014461517334,0.016732899472117424,-0.01929667592048645,-0.01702885329723358,-0.012121379375457764,0.016704492270946503,260,1,0.05171198770403862,4,0,0
496,0,0.6327438354492188,0.2747795283794403,0.4342666268348694,0.0,0.0,-0.7757458686828613,0.14090058207511902,0.014076298102736473,-0.023958740755915642,0.004050485324114561,-0.023279525339603424,0.06882685422897339,0.0167868472635746,-0.019297540187835693,-0.017066597938537598,-0.012065529823303223,0.016760021448135376,260,1,0.05361619219183922,4,0,0
498,0,0.6234144568443298,0.2840571999549866,0.45564743876457214,0.0,0.0,-0.771007776260376,0.14937299489974976,0.013851648196578026,-0.024183597415685654,0.004050485324114561,-0.023279525339603424,0.06920725107192993,0.01669928804039955,-0.019332408905029297,-0.01699032261967659,-0.012118816375732422,0.016756463795900345,260,1,0.053062863647937775,4,0,0
500,0,0.6558899879455566,0.25072431564331055,0.3822658061981201,0.0,0.0,-0.8196414709091187,0.09464742243289948,0.014056243002414703,-0.02397904545068741,0.004050485324114561,-0.023279525339603424,0.06834101676940918,0.016664640977978706,-0.019333362579345703,-0.016964752227067947,-0.012151181697845459,0.016662945970892906,260,1,0.051487598568201065,4,0,0
502,0,0.634191632270813,0.2739116847515106,0.4319068193435669,0.0,0.0,-0.7916682362556458,0.12438816577196121,0.014131159521639347,-0.02390490472316742,0.004050485324114561,-0.023279525339603424,0.06973379850387573,0.016706475988030434,-0.019339829683303833,-0.016992006450891495,-0.012102961540222168,0.01670054718852043,260,1,0.05359111726284027,4,0,0
504,0,0.6346233487129211,0.27205049991607666,0.42868027091026306,0.0,0.0,-0.7701338529586792,0.14788295328617096,0.013907475396990776,-0.024127796292304993,0.004050485324114561,-0.023279525339603424,0.07060635089874268,0.016723528504371643,-0.019351333379745483,-0.016999006271362305,-0.012073099613189697,0.016690172255039215,260,1,0.054221007972955704,4,0,0
506,0,0.6353950500488281,0.27084067463874817,0.42625555396080017,0.0,0.0,-0.7827962636947632,0.135761097073555,0.013959747739136219,-0.024075573310256004,0.004050485324114561,-0.023279525339603424,0.07091653347015381,0.01673957146704197,-0.019356757402420044,-0.01700911484658718,-0.012054264545440674,0.016753647476434708,260,1,0.0545010007917881,4,0,0
508,0,0.6504306793212891,0.2557656466960907,0.3932250738143921,0.0,0.0,-0.802528440952301,0.11467147618532181,0.014092768542468548,-0.02394256740808487,0.004050485324114561,-0.023279525339603424,0.07086098194122314,0.01672230288386345,-0.019366532564163208,-0.016991207376122475,-0.012057125568389893,0.016711847856640816,260,1,0.054706137627363205,4,0,0
510,0,0.6275357007980347,0.28015273809432983,0.4464331567287445,0.0,0.0,-0.7792141437530518,0.14039474725723267,0.013952471315860748,-0.024082906544208527,0.004050485324114561,-0.023279525339603424,0.0711095929145813,0.016718685626983643,-0.01937919855117798,-0.01698543131351471,-0.01205378770828247,0.016735967248678207,260,1,0.05491284281015396,4,0,0
512,0,0.6356995105743408,0.2691819369792938,0.4234420955181122,0.0,0.0,-0.7811808586120605,0.13926276564598083,0.013909680768847466,-0.02412554807960987,0.004050485324114561,-0.023279525339603424,0.07011669874191284,0.016666242852807045,-0.019379466772079468,-0.016947824507951736,-0.012105405330657959,0.01668812707066536,260,1,0.05323940888047218,4,0,0
514,0,0.655613899230957,0.25006529688835144,0.38142159581184387,0.0,0.0,-0.8163061141967773,0.09973111748695374,0.014209076762199402,-0.02382625825703144,0.004050485324114561,-0.023279525339603424,0.06998413801193237,0.016693225130438805,-0.01937374472618103,-0.0169680155813694,-0.012080252170562744,0.016656724736094475,260,1,0.054039034992456436,4,0,0
516,0,0.6352004408836365,0.2704295814037323,0.42573896050453186,0.0,0.0,-0.7804633378982544,0.13900595903396606,0.014094923622906208,-0.023940468207001686,0.004050485324114561,-0.023279525339603424,0.07181870937347412,0.016756368800997734,-0.019381344318389893,-0.01701020449399948,-0.01201087236404419,0.01673213578760624,260,1,0.05709060654044151,4,0,0
518,0,0.6287672519683838,0.2772313952445984,0.4409125745296478,0.0,0.0,-0.7795407176017761,0.1402742564678192,0.013879097066819668,-0.024156317114830017,0.004050485324114561,-0.023279525339603424,0.07255792617797852,0.016770850867033005,-0.019368112087249756,-0.017026785761117935,-0.012012004852294922,0.016769131645560265,260,1,0.05719997361302376,4,0,0
520,0,0.6381466388702393,0.2684909403324127,0.4207354784011841,0.0,0.0,-0.790522038936615,0.12713265419006348,0.013932125642895699,-0.024103213101625443,0.004050485324114561,-0.023279525339603424,0.07220631837844849,0.016741890460252762,-0.0193614661693573,-0.01700882986187935,-0.012047231197357178,0.016760339960455894,260,1,0.055872537195682526,4,0,0
522,0,0.6377727389335632,0.26915809512138367,0.42202821373939514,0.0,0.0,-0.8042485117912292,0.11352773010730743,0.014001581817865372,-0.024033794179558754,0.004050485324114561,-0.023279525339603424,0.07141143083572388,0.01671508699655533,-0.019350677728652954,-0.016994647681713104,-0.012086153030395508,0.016732610762119293,260,1,0.05430176481604576,4,0,0
524,0,0.6267496943473816,0.2788471579551697,0.444909930229187,0.0,0.0,-0.7747990489006042,0.1462939977645874,0.013878526166081429,-0.02415682189166546,0.004050485324114561,-0.023279525339603424,0.07037341594696045,0.016622180119156837,-0.0193636417388916,-0.01692233979701996,-0.012163817882537842,0.01666749082505703,260,1,0.052715837955474854,4,0,0
526,0,0.6595672965049744,0.24746201932430267,0.3751884400844574,0.0,0.0,-0.8241667747497559,0.08914246410131454,0.014083570800721645,-0.023951709270477295,0.004050485324114561,-0.023279525339603424,0.06848543882369995,0.016623925417661667,-0.01934128999710083,-0.016932684928178787,-0.012184619903564453,0.01662401296198368,260,1,0.05088413134217262,4,0,0
528,0,0.6286172270774841,0.2772844731807709,0.4411022365093231,0.0,0.0,-0.7889976501464844,0.13005684316158295,0.01413545198738575,-0.023900629952549934,0.004050485324114561,-0.023279525339603424,0.0695958137512207,0.016661133617162704,-0.019364893436431885,-0.016948744654655457,-0.012121081352233887,0.016650598496198654,260,1,0.0541858896613121,4,0,0
530,0,0.6205796599388123,0.28680381178855896,0.46215471625328064,0.0,0.0,-0.768456220626831,0.1525733470916748,0.013779772445559502,-0.02425551228225231,0.004050485324114561,-0.023279525339603424,0.07006293535232544,0.016636256128549576,-0.019397884607315063,-0.016917768865823746,-0.012113690376281738,0.016648998484015465,260,1,0.05470055714249611,4,0,0
532,0,0.6401416659355164,0.2654453217983246,0.4146665334701538,0.0,0.0,-0.7716511487960815,0.14718666672706604,0.013924678787589073,-0.0241105854511261,0.004050485324114561,-0.023279525339603424,0.06907951831817627,0.01661442220211029,-0.01940363645553589,-0.016900748014450073,-0.012132346630096436,0.016624728217720985,260,1,0.05308346822857857,4,0,0
534,0,0.6424338817596436,0.26308998465538025,0.4095207154750824,0.0,0.0,-0.8116692304611206,0.10606620460748672,0.014042172580957413,-0.02399328164756298,0.004050485324114561,-0.023279525339603424,0.06846129894256592,0.016675004735589027,-0.019381850957870483,-0.01695214956998825,-0.012091577053070068,0.01661551184952259,260,1,0.05228743329644203,4,0,0
536,0,0.6311162710189819,0.27497315406799316,0.43569332361221313,0.0,0.0,-0.7846294641494751,0.13704165816307068,0.014156668446958065,-0.02387920394539833,0.004050485324114561,-0.023279525339603424,0.06891614198684692,0.016772253438830376,-0.019340991973876953,-0.017038853839039803,-0.012037515640258789,0.01674455963075161,260,1,0.05351238325238228,4,0,0
538,0,0.6413705945014954,0.26493972539901733,0.41308367252349854,0.0,0.0,-0.7871838808059692,0.1293795108795166,0.014072935096919537,-0.02396235056221485,0.004050485324114561,-0.023279525339603424,0.0694119930267334,0.016798021271824837,-0.01932668685913086,-0.017062988132238388,-0.012026011943817139,0.016784846782684326,260,1,0.05454624816775322,4,0,0
540,0,0.6307673454284668,0.2758435308933258,0.4373142123222351,0.0,0.0,-0.7798396348953247,0.13816024363040924,0.013876858167350292,-0.024158518761396408,0.004050485324114561,-0.023279525339603424,0.06953799724578857,0.016759002581238747,-0.01933741569519043,-0.017031077295541763,-0.012054860591888428,0.016783906146883965,260,1,0.054331663995981216,4,0,0
542,0,0.633430540561676,0.2750714421272278,0.4342566728591919,0.0,0.0,-0.7930464148521423,0.12515240907669067,0.013901615515351295,-0.02413346990942955,0.004050485324114561,-0.023279525339603424,0.06867396831512451,0.016692379489541054,-0.019362717866897583,-0.016973193734884262,-0.012095749378204346,0.016720106825232506,260,1,0.052740707993507385,4,0,0
544,0,0.6405458450317383,0.2648226022720337,0.4134327173233032,0.0,0.0,-0.8185645937919617,0.09909970313310623,0.01418297365307808,-0.023852480575442314,0.004050485324114561,-0.023279525339603424,0.06877750158309937,0.016733674332499504,-0.019360750913619995,-0.017002828419208527,-0.012054860591888428,0.01668451353907585,260,1,0.05375248193740845,4,0,0
546,0,0.6323515772819519,0.2731059491634369,0.4318894147872925,0.0,0.0,-0.7826383113861084,0.13655298948287964,0.014001819305121899,-0.024033768102526665,0.004050485324114561,-0.023279525339603424,0.0695696473121643,0.016784504055976868,-0.01932653784751892,-0.017054319381713867,-0.01204216480255127,0.01676846854388714,260,1,0.05452904477715492,4,0,0
548,0,0.635053813457489,0.27104148268699646,0.42680081725120544,0.0,0.0,-0.7893637418746948,0.1288275271654129,0.014022676274180412,-0.024013575166463852,0.004050485324114561,-0.023279525339603424,0.07006317377090454,0.016812363639473915,-0.01929229497909546,-0.017087377607822418,-0.0120466947555542,0.01680353656411171,260,1,0.055025387555360794,4,0,0
550,0,0.6389920711517334,0.2653849720954895,0.415318101644516,0.0,0.0,-0.7839579582214355,0.1362844705581665,0.01396216545253992,-0.02407338097691536,0.004050485324114561,-0.023279525339603424,0.07101792097091675,0.01678367704153061,-0.019321680068969727,-0.017053715884685516,-0.01204216480255127,0.01679493673145771,260,1,0.05603929981589317,4,0,0
552,0,0.6411834955215454,0.2676858603954315,0.41748714447021484,0.0,0.0,-0.7794946432113647,0.13872475922107697,0.013898469507694244,-0.02413642592728138,0.004050485324114561,-0.023279525339603424,0.07116013765335083,0.01675870269536972,-0.019331932067871094,-0.017033223062753677,-0.012060999870300293,0.01678609475493431,260,1,0.055224884301424026,4,0,0
554,0,0.6500140428543091,0.255045086145401,0.3923685848712921,0.0,0.0,-0.7988991737365723,0.11852346360683441,0.013977140188217163,-0.024058250710368156,0.004050485324114561,-0.023279525339603424,0.07029038667678833,0.016654251143336296,-0.019350171089172363,-0.016950473189353943,-0.01214456558227539,0.01670593023300171,260,1,0.053371720016002655,4,0,0
556,0,0.6397327780723572,0.26463329792022705,0.41366225481033325,0.0,0.0,-0.8192586302757263,0.10033354163169861,0.014062773436307907,-0.023972880095243454,0.004050485324114561,-0.023279525339603424,0.0707584023475647,0.016652613878250122,-0.019387155771255493,-0.016933374106884003,-0.012106776237487793,0.016643177717924118,260,1,0.05434924736618996,4,0,0
558,0,0.6371923685073853,0.27049264311790466,0.4245070219039917,0.0,0.0,-0.784133791923523,0.13346754014492035,0.014093349687755108,-0.023942623287439346,0.004050485324114561,-0.023279525339603424,0.07195556163787842,0.016700971871614456,-0.01940026879310608,-0.016962792724370956,-0.012046575546264648,0.01667860522866249,260,1,0.056825488805770874,4,0,0
